code_module,code_presentation,id_student,id_site,date,sum_click
AAA,2013J,10001,546844,91,6
AAA,2013J,10001,546844,63,18
AAA,2013J,10001,546844,72,8
AAA,2013J,10001,546844,98,7
AAA,2013J,10001,546844,1,1
AAA,2013J,10001,546844,80,16
AAA,2013J,10001,546844,14,12
AAA,2013J,10001,546844,28,6
AAA,2013J,10001,546844,58,2
AAA,2013J,10001,546844,74,14
AAA,2013J,10001,546845,84,19
AAA,2013J,10001,546845,79,7
AAA,2013J,10001,546845,58,16
AAA,2013J,10001,546845,92,16
AAA,2013J,10001,546845,86,1
AAA,2013J,10001,546845,95,4
AAA,2013J,10001,546845,78,4
AAA,2013J,10001,546845,41,7
AAA,2013J,10001,546845,96,8
AAA,2013J,10001,546845,71,17
AAA,2013J,10001,546846,54,14
AAA,2013J,10001,546846,6,4
AAA,2013J,10001,546846,66,11
AAA,2013J,10001,546846,87,15
AAA,2013J,10001,546846,68,19
AAA,2013J,10001,546846,61,7
AAA,2013J,10001,546846,69,19
AAA,2013J,10001,546846,37,19
AAA,2013J,10001,546846,70,11
AAA,2013J,10001,546846,16,5
AAA,2013J,10002,546844,59,5
AAA,2013J,10002,546844,33,15
AAA,2013J,10002,546844,63,8
AAA,2013J,10002,546844,56,10
AAA,2013J,10002,546844,4,16
AAA,2013J,10002,546844,69,8
AAA,2013J,10002,546844,34,1
AAA,2013J,10002,546844,65,12
AAA,2013J,10002,546844,19,5
AAA,2013J,10002,546844,3,3
AAA,2013J,10002,546845,2,16
AAA,2013J,10002,546845,32,5
AAA,2013J,10002,546845,5,10
AAA,2013J,10002,546845,57,18
AAA,2013J,10002,546845,8,3
AAA,2013J,10002,546845,55,13
AAA,2013J,10002,546845,50,11
AAA,2013J,10002,546845,25,17
AAA,2013J,10002,546845,33,13
AAA,2013J,10002,546845,23,6
AAA,2013J,10002,546846,90,4
AAA,2013J,10002,546846,2,10
AAA,2013J,10002,546846,93,7
AAA,2013J,10002,546846,58,1
AAA,2013J,10002,546846,48,17
AAA,2013J,10002,546846,61,2
AAA,2013J,10002,546846,99,11
AAA,2013J,10002,546846,56,9
AAA,2013J,10002,546846,45,7
AAA,2013J,10002,546846,62,17
AAA,2013J,10003,546844,47,14
AAA,2013J,10003,546844,52,19
AAA,2013J,10003,546844,31,9
AAA,2013J,10003,546844,79,12
AAA,2013J,10003,546844,99,11
AAA,2013J,10003,546844,4,14
AAA,2013J,10003,546844,45,16
AAA,2013J,10003,546844,95,1
AAA,2013J,10003,546844,50,13
AAA,2013J,10003,546844,29,13
AAA,2013J,10003,546845,19,14
AAA,2013J,10003,546845,70,6
AAA,2013J,10003,546845,67,14
AAA,2013J,10003,546845,54,4
AAA,2013J,10003,546845,53,8
AAA,2013J,10003,546845,24,3
AAA,2013J,10003,546845,10,19
AAA,2013J,10003,546845,49,14
AAA,2013J,10003,546845,45,17
AAA,2013J,10003,546845,13,8
AAA,2013J,10003,546846,92,12
AAA,2013J,10003,546846,44,2
AAA,2013J,10003,546846,79,2
AAA,2013J,10003,546846,32,9
AAA,2013J,10003,546846,90,1
AAA,2013J,10003,546846,39,8
AAA,2013J,10003,546846,10,6
AAA,2013J,10003,546846,27,6
AAA,2013J,10003,546846,7,18
AAA,2013J,10003,546846,58,17
AAA,2013J,10004,546844,71,11
AAA,2013J,10004,546844,97,13
AAA,2013J,10004,546844,16,10
AAA,2013J,10004,546844,29,14
AAA,2013J,10004,546844,89,18
AAA,2013J,10004,546844,47,19
AAA,2013J,10004,546844,32,9
AAA,2013J,10004,546844,24,7
AAA,2013J,10004,546844,7,3
AAA,2013J,10004,546844,70,6
AAA,2013J,10004,546845,70,10
AAA,2013J,10004,546845,58,5
AAA,2013J,10004,546845,91,5
AAA,2013J,10004,546845,59,10
AAA,2013J,10004,546845,63,5
AAA,2013J,10004,546845,9,3
AAA,2013J,10004,546845,83,6
AAA,2013J,10004,546845,86,4
AAA,2013J,10004,546845,42,18
AAA,2013J,10004,546845,64,9
AAA,2013J,10004,546846,2,15
AAA,2013J,10004,546846,99,14
AAA,2013J,10004,546846,16,16
AAA,2013J,10004,546846,80,18
AAA,2013J,10004,546846,60,11
AAA,2013J,10004,546846,94,3
AAA,2013J,10004,546846,83,10
AAA,2013J,10004,546846,61,10
AAA,2013J,10004,546846,10,16
AAA,2013J,10004,546846,75,12
AAA,2013J,10005,546844,77,4
AAA,2013J,10005,546844,20,13
AAA,2013J,10005,546844,33,8
AAA,2013J,10005,546844,28,18
AAA,2013J,10005,546844,74,12
AAA,2013J,10005,546844,61,14
AAA,2013J,10005,546844,48,2
AAA,2013J,10005,546844,58,18
AAA,2013J,10005,546844,98,2
AAA,2013J,10005,546844,44,11
AAA,2013J,10005,546845,67,4
AAA,2013J,10005,546845,84,13
AAA,2013J,10005,546845,31,13
AAA,2013J,10005,546845,36,13
AAA,2013J,10005,546845,73,2
AAA,2013J,10005,546845,52,9
AAA,2013J,10005,546845,1,8
AAA,2013J,10005,546845,91,7
AAA,2013J,10005,546845,97,4
AAA,2013J,10005,546845,85,18
AAA,2013J,10005,546846,83,9
AAA,2013J,10005,546846,73,17
AAA,2013J,10005,546846,79,12
AAA,2013J,10005,546846,61,7
AAA,2013J,10005,546846,80,10
AAA,2013J,10005,546846,5,10
AAA,2013J,10005,546846,56,13
AAA,2013J,10005,546846,22,19
AAA,2013J,10005,546846,51,11
AAA,2013J,10005,546846,52,13
AAA,2013J,10006,546844,34,12
AAA,2013J,10006,546844,81,9
AAA,2013J,10006,546844,73,5
AAA,2013J,10006,546844,56,10
AAA,2013J,10006,546844,74,4
AAA,2013J,10006,546844,9,5
AAA,2013J,10006,546844,63,10
AAA,2013J,10006,546844,86,11
AAA,2013J,10006,546844,1,10
AAA,2013J,10006,546844,24,8
AAA,2013J,10006,546845,31,13
AAA,2013J,10006,546845,86,5
AAA,2013J,10006,546845,39,9
AAA,2013J,10006,546845,51,6
AAA,2013J,10006,546845,6,5
AAA,2013J,10006,546845,49,10
AAA,2013J,10006,546845,28,8
AAA,2013J,10006,546845,33,7
AAA,2013J,10006,546845,25,7
AAA,2013J,10006,546845,81,6
AAA,2013J,10006,546846,8,4
AAA,2013J,10006,546846,5,19
AAA,2013J,10006,546846,79,6
AAA,2013J,10006,546846,7,1
AAA,2013J,10006,546846,65,17
AAA,2013J,10006,546846,56,8
AAA,2013J,10006,546846,33,19
AAA,2013J,10006,546846,80,1
AAA,2013J,10006,546846,19,5
AAA,2013J,10006,546846,26,16
AAA,2013J,10007,546844,1,11
AAA,2013J,10007,546844,77,7
AAA,2013J,10007,546844,31,15
AAA,2013J,10007,546844,96,6
AAA,2013J,10007,546844,92,9
AAA,2013J,10007,546844,66,12
AAA,2013J,10007,546844,61,19
AAA,2013J,10007,546844,94,3
AAA,2013J,10007,546844,46,15
AAA,2013J,10007,546844,49,2
AAA,2013J,10007,546845,12,14
AAA,2013J,10007,546845,31,8
AAA,2013J,10007,546845,90,19
AAA,2013J,10007,546845,47,14
AAA,2013J,10007,546845,13,10
AAA,2013J,10007,546845,76,17
AAA,2013J,10007,546845,40,9
AAA,2013J,10007,546845,56,6
AAA,2013J,10007,546845,37,11
AAA,2013J,10007,546845,93,7
AAA,2013J,10007,546846,78,2
AAA,2013J,10007,546846,89,5
AAA,2013J,10007,546846,15,6
AAA,2013J,10007,546846,86,12
AAA,2013J,10007,546846,8,18
AAA,2013J,10007,546846,53,1
AAA,2013J,10007,546846,81,17
AAA,2013J,10007,546846,26,11
AAA,2013J,10007,546846,33,10
AAA,2013J,10007,546846,51,19
AAA,2013J,10008,546844,82,4
AAA,2013J,10008,546844,20,15
AAA,2013J,10008,546844,97,17
AAA,2013J,10008,546844,98,13
AAA,2013J,10008,546844,4,18
AAA,2013J,10008,546844,41,2
AAA,2013J,10008,546844,6,13
AAA,2013J,10008,546844,30,13
AAA,2013J,10008,546844,68,15
AAA,2013J,10008,546844,18,10
AAA,2013J,10008,546845,71,6
AAA,2013J,10008,546845,77,5
AAA,2013J,10008,546845,24,12
AAA,2013J,10008,546845,92,1
AAA,2013J,10008,546845,32,8
AAA,2013J,10008,546845,52,1
AAA,2013J,10008,546845,65,5
AAA,2013J,10008,546845,94,6
AAA,2013J,10008,546845,68,3
AAA,2013J,10008,546845,88,15
AAA,2013J,10008,546846,69,9
AAA,2013J,10008,546846,85,9
AAA,2013J,10008,546846,1,10
AAA,2013J,10008,546846,74,19
AAA,2013J,10008,546846,58,1
AAA,2013J,10008,546846,45,7
AAA,2013J,10008,546846,92,4
AAA,2013J,10008,546846,26,1
AAA,2013J,10008,546846,7,15
AAA,2013J,10008,546846,33,8
AAA,2013J,10009,546844,85,17
AAA,2013J,10009,546844,1,4
AAA,2013J,10009,546844,89,13
AAA,2013J,10009,546844,21,4
AAA,2013J,10009,546844,62,5
AAA,2013J,10009,546844,67,4
AAA,2013J,10009,546844,77,18
AAA,2013J,10009,546844,88,6
AAA,2013J,10009,546844,39,2
AAA,2013J,10009,546844,51,11
AAA,2013J,10009,546845,82,7
AAA,2013J,10009,546845,72,4
AAA,2013J,10009,546845,41,13
AAA,2013J,10009,546845,11,13
AAA,2013J,10009,546845,42,10
AAA,2013J,10009,546845,84,18
AAA,2013J,10009,546845,34,17
AAA,2013J,10009,546845,85,13
AAA,2013J,10009,546845,5,17
AAA,2013J,10009,546845,1,4
AAA,2013J,10009,546846,25,2
AAA,2013J,10009,546846,60,6
AAA,2013J,10009,546846,74,5
AAA,2013J,10009,546846,93,19
AAA,2013J,10009,546846,20,4
AAA,2013J,10009,546846,51,17
AAA,2013J,10009,546846,10,11
AAA,2013J,10009,546846,4,4
AAA,2013J,10009,546846,7,13
AAA,2013J,10009,546846,66,17
AAA,2013J,10010,546844,92,11
AAA,2013J,10010,546844,18,5
AAA,2013J,10010,546844,51,13
AAA,2013J,10010,546844,86,5
AAA,2013J,10010,546844,69,13
AAA,2013J,10010,546844,13,6
AAA,2013J,10010,546844,70,5
AAA,2013J,10010,546844,19,9
AAA,2013J,10010,546844,8,16
AAA,2013J,10010,546844,36,2
AAA,2013J,10010,546845,69,11
AAA,2013J,10010,546845,49,18
AAA,2013J,10010,546845,29,1
AAA,2013J,10010,546845,68,3
AAA,2013J,10010,546845,33,4
AAA,2013J,10010,546845,9,13
AAA,2013J,10010,546845,2,6
AAA,2013J,10010,546845,24,14
AAA,2013J,10010,546845,10,5
AAA,2013J,10010,546845,36,16
AAA,2013J,10010,546846,27,16
AAA,2013J,10010,546846,96,15
AAA,2013J,10010,546846,2,10
AAA,2013J,10010,546846,49,14
AAA,2013J,10010,546846,54,10
AAA,2013J,10010,546846,33,14
AAA,2013J,10010,546846,84,9
AAA,2013J,10010,546846,77,14
AAA,2013J,10010,546846,76,3
AAA,2013J,10010,546846,36,16
AAA,2013J,10011,546844,61,6
AAA,2013J,10011,546844,33,6
AAA,2013J,10011,546844,9,15
AAA,2013J,10011,546844,93,15
AAA,2013J,10011,546844,1,9
AAA,2013J,10011,546844,34,4
AAA,2013J,10011,546844,52,18
AAA,2013J,10011,546844,31,18
AAA,2013J,10011,546844,92,5
AAA,2013J,10011,546844,25,11
AAA,2013J,10011,546845,36,9
AAA,2013J,10011,546845,18,10
AAA,2013J,10011,546845,43,2
AAA,2013J,10011,546845,97,16
AAA,2013J,10011,546845,49,7
AAA,2013J,10011,546845,23,2
AAA,2013J,10011,546845,29,1
AAA,2013J,10011,546845,70,19
AAA,2013J,10011,546845,99,4
AAA,2013J,10011,546845,14,2
AAA,2013J,10011,546846,71,14
AAA,2013J,10011,546846,95,3
AAA,2013J,10011,546846,88,1
AAA,2013J,10011,546846,30,15
AAA,2013J,10011,546846,25,1
AAA,2013J,10011,546846,69,17
AAA,2013J,10011,546846,90,2
AAA,2013J,10011,546846,35,6
AAA,2013J,10011,546846,75,8
AAA,2013J,10011,546846,42,16
AAA,2013J,10012,546844,65,3
AAA,2013J,10012,546844,47,17
AAA,2013J,10012,546844,63,3
AAA,2013J,10012,546844,75,16
AAA,2013J,10012,546844,85,14
AAA,2013J,10012,546844,97,13
AAA,2013J,10012,546844,5,15
AAA,2013J,10012,546844,50,14
AAA,2013J,10012,546844,10,19
AAA,2013J,10012,546844,21,6
AAA,2013J,10012,546845,48,11
AAA,2013J,10012,546845,15,15
AAA,2013J,10012,546845,20,2
AAA,2013J,10012,546845,3,7
AAA,2013J,10012,546845,42,12
AAA,2013J,10012,546845,96,18
AAA,2013J,10012,546845,62,3
AAA,2013J,10012,546845,66,7
AAA,2013J,10012,546845,63,11
AAA,2013J,10012,546845,44,18
AAA,2013J,10012,546846,72,14
AAA,2013J,10012,546846,96,9
AAA,2013J,10012,546846,18,4
AAA,2013J,10012,546846,24,11
AAA,2013J,10012,546846,73,6
AAA,2013J,10012,546846,36,15
AAA,2013J,10012,546846,46,5
AAA,2013J,10012,546846,40,11
AAA,2013J,10012,546846,27,18
AAA,2013J,10012,546846,41,13
AAA,2013J,10013,546844,10,19
AAA,2013J,10013,546844,50,15
AAA,2013J,10013,546844,42,8
AAA,2013J,10013,546844,4,19
AAA,2013J,10013,546844,58,10
AAA,2013J,10013,546844,31,7
AAA,2013J,10013,546844,73,18
AAA,2013J,10013,546844,5,16
AAA,2013J,10013,546844,94,6
AAA,2013J,10013,546844,15,9
AAA,2013J,10013,546845,46,10
AAA,2013J,10013,546845,76,9
AAA,2013J,10013,546845,37,8
AAA,2013J,10013,546845,63,3
AAA,2013J,10013,546845,83,16
AAA,2013J,10013,546845,54,14
AAA,2013J,10013,546845,2,9
AAA,2013J,10013,546845,11,11
AAA,2013J,10013,546845,80,3
AAA,2013J,10013,546845,12,5
AAA,2013J,10013,546846,21,8
AAA,2013J,10013,546846,22,4
AAA,2013J,10013,546846,66,3
AAA,2013J,10013,546846,88,3
AAA,2013J,10013,546846,1,13
AAA,2013J,10013,546846,9,8
AAA,2013J,10013,546846,94,7
AAA,2013J,10013,546846,61,1
AAA,2013J,10013,546846,79,16
AAA,2013J,10013,546846,95,6
AAA,2013J,10014,546844,35,10
AAA,2013J,10014,546844,54,2
AAA,2013J,10014,546844,28,9
AAA,2013J,10014,546844,39,11
AAA,2013J,10014,546844,12,4
AAA,2013J,10014,546844,26,2
AAA,2013J,10014,546844,43,6
AAA,2013J,10014,546844,10,14
AAA,2013J,10014,546844,19,1
AAA,2013J,10014,546844,9,18
AAA,2013J,10014,546845,77,6
AAA,2013J,10014,546845,78,5
AAA,2013J,10014,546845,31,1
AAA,2013J,10014,546845,57,19
AAA,2013J,10014,546845,37,1
AAA,2013J,10014,546845,5,16
AAA,2013J,10014,546845,85,12
AAA,2013J,10014,546845,87,8
AAA,2013J,10014,546845,25,16
AAA,2013J,10014,546845,41,1
AAA,2013J,10014,546846,24,4
AAA,2013J,10014,546846,63,18
AAA,2013J,10014,546846,30,7
AAA,2013J,10014,546846,52,13
AAA,2013J,10014,546846,81,15
AAA,2013J,10014,546846,77,1
AAA,2013J,10014,546846,42,11
AAA,2013J,10014,546846,47,10
AAA,2013J,10014,546846,87,5
AAA,2013J,10014,546846,91,16
AAA,2013J,10015,546844,52,7
AAA,2013J,10015,546844,5,1
AAA,2013J,10015,546844,34,13
AAA,2013J,10015,546844,39,3
AAA,2013J,10015,546844,85,4
AAA,2013J,10015,546844,71,11
AAA,2013J,10015,546844,83,2
AAA,2013J,10015,546844,97,14
AAA,2013J,10015,546844,77,12
AAA,2013J,10015,546844,30,17
AAA,2013J,10015,546845,42,10
AAA,2013J,10015,546845,38,13
AAA,2013J,10015,546845,71,2
AAA,2013J,10015,546845,4,10
AAA,2013J,10015,546845,95,4
AAA,2013J,10015,546845,96,18
AAA,2013J,10015,546845,65,5
AAA,2013J,10015,546845,41,19
AAA,2013J,10015,546845,98,2
AAA,2013J,10015,546845,1,12
AAA,2013J,10015,546846,90,1
AAA,2013J,10015,546846,86,15
AAA,2013J,10015,546846,16,13
AAA,2013J,10015,546846,59,8
AAA,2013J,10015,546846,22,4
AAA,2013J,10015,546846,47,10
AAA,2013J,10015,546846,60,19
AAA,2013J,10015,546846,4,18
AAA,2013J,10015,546846,49,5
AAA,2013J,10015,546846,66,19
AAA,2013J,10016,546844,49,11
AAA,2013J,10016,546844,55,10
AAA,2013J,10016,546844,88,6
AAA,2013J,10016,546844,20,4
AAA,2013J,10016,546844,84,1
AAA,2013J,10016,546844,69,7
AAA,2013J,10016,546844,19,9
AAA,2013J,10016,546844,14,8
AAA,2013J,10016,546844,77,5
AAA,2013J,10016,546844,17,19
AAA,2013J,10016,546845,8,13
AAA,2013J,10016,546845,57,18
AAA,2013J,10016,546845,11,14
AAA,2013J,10016,546845,33,4
AAA,2013J,10016,546845,55,4
AAA,2013J,10016,546845,66,19
AAA,2013J,10016,546845,29,13
AAA,2013J,10016,546845,56,12
AAA,2013J,10016,546845,20,7
AAA,2013J,10016,546845,14,12
AAA,2013J,10016,546846,4,7
AAA,2013J,10016,546846,35,10
AAA,2013J,10016,546846,11,10
AAA,2013J,10016,546846,82,9
AAA,2013J,10016,546846,81,17
AAA,2013J,10016,546846,15,15
AAA,2013J,10016,546846,97,2
AAA,2013J,10016,546846,59,4
AAA,2013J,10016,546846,98,19
AAA,2013J,10016,546846,47,17
AAA,2013J,10017,546844,16,12
AAA,2013J,10017,546844,89,10
AAA,2013J,10017,546844,54,5
AAA,2013J,10017,546844,96,12
AAA,2013J,10017,546844,50,18
AAA,2013J,10017,546844,95,10
AAA,2013J,10017,546844,44,6
AAA,2013J,10017,546844,67,12
AAA,2013J,10017,546844,83,7
AAA,2013J,10017,546844,13,18
AAA,2013J,10017,546845,42,11
AAA,2013J,10017,546845,29,7
AAA,2013J,10017,546845,23,10
AAA,2013J,10017,546845,85,10
AAA,2013J,10017,546845,55,2
AAA,2013J,10017,546845,16,3
AAA,2013J,10017,546845,36,8
AAA,2013J,10017,546845,39,11
AAA,2013J,10017,546845,1,13
AAA,2013J,10017,546845,60,7
AAA,2013J,10017,546846,93,11
AAA,2013J,10017,546846,75,6
AAA,2013J,10017,546846,67,3
AAA,2013J,10017,546846,14,19
AAA,2013J,10017,546846,89,2
AAA,2013J,10017,546846,8,18
AAA,2013J,10017,546846,61,12
AAA,2013J,10017,546846,51,10
AAA,2013J,10017,546846,99,5
AAA,2013J,10017,546846,36,9
AAA,2013J,10018,546844,97,1
AAA,2013J,10018,546844,93,10
AAA,2013J,10018,546844,18,10
AAA,2013J,10018,546844,56,3
AAA,2013J,10018,546844,12,6
AAA,2013J,10018,546844,41,6
AAA,2013J,10018,546844,99,2
AAA,2013J,10018,546844,75,18
AAA,2013J,10018,546844,35,2
AAA,2013J,10018,546844,4,12
AAA,2013J,10018,546845,73,17
AAA,2013J,10018,546845,29,16
AAA,2013J,10018,546845,69,19
AAA,2013J,10018,546845,53,9
AAA,2013J,10018,546845,8,14
AAA,2013J,10018,546845,44,17
AAA,2013J,10018,546845,88,5
AAA,2013J,10018,546845,47,2
AAA,2013J,10018,546845,51,16
AAA,2013J,10018,546845,6,14
AAA,2013J,10018,546846,61,14
AAA,2013J,10018,546846,37,5
AAA,2013J,10018,546846,46,10
AAA,2013J,10018,546846,60,12
AAA,2013J,10018,546846,52,10
AAA,2013J,10018,546846,36,11
AAA,2013J,10018,546846,26,2
AAA,2013J,10018,546846,19,5
AAA,2013J,10018,546846,53,7
AAA,2013J,10018,546846,65,6
AAA,2013J,10019,546844,93,6
AAA,2013J,10019,546844,85,14
AAA,2013J,10019,546844,71,6
AAA,2013J,10019,546844,96,7
AAA,2013J,10019,546844,35,12
AAA,2013J,10019,546844,80,3
AAA,2013J,10019,546844,4,14
AAA,2013J,10019,546844,31,19
AAA,2013J,10019,546844,9,16
AAA,2013J,10019,546844,99,7
AAA,2013J,10019,546845,33,5
AAA,2013J,10019,546845,47,9
AAA,2013J,10019,546845,75,11
AAA,2013J,10019,546845,78,5
AAA,2013J,10019,546845,39,3
AAA,2013J,10019,546845,30,17
AAA,2013J,10019,546845,7,2
AAA,2013J,10019,546845,99,1
AAA,2013J,10019,546845,27,7
AAA,2013J,10019,546845,17,14
AAA,2013J,10019,546846,69,14
AAA,2013J,10019,546846,14,19
AAA,2013J,10019,546846,42,7
AAA,2013J,10019,546846,98,13
AAA,2013J,10019,546846,6,18
AAA,2013J,10019,546846,46,14
AAA,2013J,10019,546846,95,1
AAA,2013J,10019,546846,74,7
AAA,2013J,10019,546846,64,8
AAA,2013J,10019,546846,73,18
AAA,2013J,10020,546844,78,15
AAA,2013J,10020,546844,23,4
AAA,2013J,10020,546844,13,18
AAA,2013J,10020,546844,52,6
AAA,2013J,10020,546844,60,19
AAA,2013J,10020,546844,64,11
AAA,2013J,10020,546844,55,2
AAA,2013J,10020,546844,76,8
AAA,2013J,10020,546844,85,11
AAA,2013J,10020,546844,56,5
AAA,2013J,10020,546845,70,18
AAA,2013J,10020,546845,90,14
AAA,2013J,10020,546845,19,18
AAA,2013J,10020,546845,80,8
AAA,2013J,10020,546845,72,10
AAA,2013J,10020,546845,82,13
AAA,2013J,10020,546845,89,8
AAA,2013J,10020,546845,26,4
AAA,2013J,10020,546845,83,4
AAA,2013J,10020,546845,38,5
AAA,2013J,10020,546846,95,2
AAA,2013J,10020,546846,93,9
AAA,2013J,10020,546846,74,3
AAA,2013J,10020,546846,46,18
AAA,2013J,10020,546846,13,7
AAA,2013J,10020,546846,38,15
AAA,2013J,10020,546846,85,18
AAA,2013J,10020,546846,51,3
AAA,2013J,10020,546846,98,14
AAA,2013J,10020,546846,17,2
AAA,2013J,10021,546844,72,8
AAA,2013J,10021,546844,32,15
AAA,2013J,10021,546844,61,1
AAA,2013J,10021,546844,78,10
AAA,2013J,10021,546844,85,12
AAA,2013J,10021,546844,15,5
AAA,2013J,10021,546844,5,9
AAA,2013J,10021,546844,83,8
AAA,2013J,10021,546844,44,16
AAA,2013J,10021,546844,74,14
AAA,2013J,10021,546845,73,17
AAA,2013J,10021,546845,97,14
AAA,2013J,10021,546845,45,7
AAA,2013J,10021,546845,92,3
AAA,2013J,10021,546845,4,6
AAA,2013J,10021,546845,79,2
AAA,2013J,10021,546845,3,17
AAA,2013J,10021,546845,74,12
AAA,2013J,10021,546845,1,12
AAA,2013J,10021,546845,40,17
AAA,2013J,10021,546846,44,6
AAA,2013J,10021,546846,71,8
AAA,2013J,10021,546846,3,13
AAA,2013J,10021,546846,27,5
AAA,2013J,10021,546846,26,2
AAA,2013J,10021,546846,79,9
AAA,2013J,10021,546846,8,11
AAA,2013J,10021,546846,60,6
AAA,2013J,10021,546846,20,7
AAA,2013J,10021,546846,14,7
AAA,2013J,10022,546844,34,2
AAA,2013J,10022,546844,62,10
AAA,2013J,10022,546844,42,10
AAA,2013J,10022,546844,7,11
AAA,2013J,10022,546844,64,6
AAA,2013J,10022,546844,9,4
AAA,2013J,10022,546844,23,12
AAA,2013J,10022,546844,88,11
AAA,2013J,10022,546844,40,13
AAA,2013J,10022,546844,69,5
AAA,2013J,10022,546845,80,1
AAA,2013J,10022,546845,96,17
AAA,2013J,10022,546845,93,11
AAA,2013J,10022,546845,62,19
AAA,2013J,10022,546845,27,3
AAA,2013J,10022,546845,89,11
AAA,2013J,10022,546845,32,5
AAA,2013J,10022,546845,69,17
AAA,2013J,10022,546845,91,7
AAA,2013J,10022,546845,68,10
AAA,2013J,10022,546846,11,2
AAA,2013J,10022,546846,99,9
AAA,2013J,10022,546846,44,17
AAA,2013J,10022,546846,87,1
AAA,2013J,10022,546846,41,19
AAA,2013J,10022,546846,36,6
AAA,2013J,10022,546846,70,5
AAA,2013J,10022,546846,46,2
AAA,2013J,10022,546846,12,9
AAA,2013J,10022,546846,62,14
AAA,2013J,10023,546844,44,15
AAA,2013J,10023,546844,18,12
AAA,2013J,10023,546844,7,8
AAA,2013J,10023,546844,24,10
AAA,2013J,10023,546844,53,14
AAA,2013J,10023,546844,41,5
AAA,2013J,10023,546844,19,18
AAA,2013J,10023,546844,94,19
AAA,2013J,10023,546844,46,15
AAA,2013J,10023,546844,57,6
AAA,2013J,10023,546845,24,3
AAA,2013J,10023,546845,27,12
AAA,2013J,10023,546845,80,17
AAA,2013J,10023,546845,29,4
AAA,2013J,10023,546845,52,17
AAA,2013J,10023,546845,69,14
AAA,2013J,10023,546845,5,19
AAA,2013J,10023,546845,7,9
AAA,2013J,10023,546845,62,12
AAA,2013J,10023,546845,39,5
AAA,2013J,10023,546846,21,1
AAA,2013J,10023,546846,46,3
AAA,2013J,10023,546846,34,6
AAA,2013J,10023,546846,78,14
AAA,2013J,10023,546846,41,4
AAA,2013J,10023,546846,50,18
AAA,2013J,10023,546846,74,15
AAA,2013J,10023,546846,25,9
AAA,2013J,10023,546846,5,18
AAA,2013J,10023,546846,99,3
AAA,2013J,10024,546844,53,15
AAA,2013J,10024,546844,61,15
AAA,2013J,10024,546844,19,19
AAA,2013J,10024,546844,93,8
AAA,2013J,10024,546844,89,2
AAA,2013J,10024,546844,69,2
AAA,2013J,10024,546844,35,10
AAA,2013J,10024,546844,48,3
AAA,2013J,10024,546844,68,17
AAA,2013J,10024,546844,47,8
AAA,2013J,10024,546845,51,2
AAA,2013J,10024,546845,57,3
AAA,2013J,10024,546845,46,15
AAA,2013J,10024,546845,35,6
AAA,2013J,10024,546845,62,13
AAA,2013J,10024,546845,42,1
AAA,2013J,10024,546845,2,19
AAA,2013J,10024,546845,5,1
AAA,2013J,10024,546845,84,2
AAA,2013J,10024,546845,75,15
AAA,2013J,10024,546846,77,7
AAA,2013J,10024,546846,85,10
AAA,2013J,10024,546846,72,9
AAA,2013J,10024,546846,88,3
AAA,2013J,10024,546846,20,14
AAA,2013J,10024,546846,87,15
AAA,2013J,10024,546846,69,2
AAA,2013J,10024,546846,32,14
AAA,2013J,10024,546846,33,16
AAA,2013J,10024,546846,60,7
AAA,2013J,10025,546844,15,1
AAA,2013J,10025,546844,82,16
AAA,2013J,10025,546844,40,11
AAA,2013J,10025,546844,35,6
AAA,2013J,10025,546844,43,16
AAA,2013J,10025,546844,88,2
AAA,2013J,10025,546844,72,1
AAA,2013J,10025,546844,20,9
AAA,2013J,10025,546844,46,12
AAA,2013J,10025,546844,22,17
AAA,2013J,10025,546845,67,15
AAA,2013J,10025,546845,14,14
AAA,2013J,10025,546845,75,11
AAA,2013J,10025,546845,62,16
AAA,2013J,10025,546845,5,19
AAA,2013J,10025,546845,42,17
AAA,2013J,10025,546845,50,6
AAA,2013J,10025,546845,63,11
AAA,2013J,10025,546845,64,17
AAA,2013J,10025,546845,83,9
AAA,2013J,10025,546846,2,6
AAA,2013J,10025,546846,7,17
AAA,2013J,10025,546846,8,12
AAA,2013J,10025,546846,84,19
AAA,2013J,10025,546846,94,6
AAA,2013J,10025,546846,89,7
AAA,2013J,10025,546846,96,1
AAA,2013J,10025,546846,98,1
AAA,2013J,10025,546846,20,5
AAA,2013J,10025,546846,46,6
AAA,2013J,10026,546844,6,10
AAA,2013J,10026,546844,43,9
AAA,2013J,10026,546844,17,10
AAA,2013J,10026,546844,76,6
AAA,2013J,10026,546844,22,17
AAA,2013J,10026,546844,96,6
AAA,2013J,10026,546844,40,4
AAA,2013J,10026,546844,48,3
AAA,2013J,10026,546844,25,19
AAA,2013J,10026,546844,36,18
AAA,2013J,10026,546845,2,18
AAA,2013J,10026,546845,20,12
AAA,2013J,10026,546845,34,9
AAA,2013J,10026,546845,89,9
AAA,2013J,10026,546845,13,18
AAA,2013J,10026,546845,47,18
AAA,2013J,10026,546845,78,7
AAA,2013J,10026,546845,95,4
AAA,2013J,10026,546845,84,13
AAA,2013J,10026,546845,35,17
AAA,2013J,10026,546846,53,14
AAA,2013J,10026,546846,88,8
AAA,2013J,10026,546846,95,4
AAA,2013J,10026,546846,62,7
AAA,2013J,10026,546846,25,19
AAA,2013J,10026,546846,24,15
AAA,2013J,10026,546846,71,4
AAA,2013J,10026,546846,42,19
AAA,2013J,10026,546846,94,9
AAA,2013J,10026,546846,60,13
AAA,2013J,10027,546844,67,8
AAA,2013J,10027,546844,43,4
AAA,2013J,10027,546844,4,12
AAA,2013J,10027,546844,88,15
AAA,2013J,10027,546844,99,8
AAA,2013J,10027,546844,49,7
AAA,2013J,10027,546844,47,14
AAA,2013J,10027,546844,34,19
AAA,2013J,10027,546844,96,14
AAA,2013J,10027,546844,57,13
AAA,2013J,10027,546845,99,16
AAA,2013J,10027,546845,6,10
AAA,2013J,10027,546845,62,12
AAA,2013J,10027,546845,58,6
AAA,2013J,10027,546845,86,12
AAA,2013J,10027,546845,23,10
AAA,2013J,10027,546845,29,18
AAA,2013J,10027,546845,49,18
AAA,2013J,10027,546845,51,4
AAA,2013J,10027,546845,5,9
AAA,2013J,10027,546846,36,16
AAA,2013J,10027,546846,75,16
AAA,2013J,10027,546846,2,10
AAA,2013J,10027,546846,10,9
AAA,2013J,10027,546846,58,9
AAA,2013J,10027,546846,50,17
AAA,2013J,10027,546846,94,17
AAA,2013J,10027,546846,54,17
AAA,2013J,10027,546846,95,12
AAA,2013J,10027,546846,67,13
AAA,2013J,10028,546844,97,8
AAA,2013J,10028,546844,64,2
AAA,2013J,10028,546844,63,6
AAA,2013J,10028,546844,6,10
AAA,2013J,10028,546844,28,12
AAA,2013J,10028,546844,69,10
AAA,2013J,10028,546844,59,10
AAA,2013J,10028,546844,1,3
AAA,2013J,10028,546844,92,10
AAA,2013J,10028,546844,78,9
AAA,2013J,10028,546845,56,3
AAA,2013J,10028,546845,14,10
AAA,2013J,10028,546845,59,1
AAA,2013J,10028,546845,29,11
AAA,2013J,10028,546845,78,12
AAA,2013J,10028,546845,38,14
AAA,2013J,10028,546845,69,8
AAA,2013J,10028,546845,98,11
AAA,2013J,10028,546845,66,4
AAA,2013J,10028,546845,31,7
AAA,2013J,10028,546846,12,12
AAA,2013J,10028,546846,85,1
AAA,2013J,10028,546846,21,7
AAA,2013J,10028,546846,91,17
AAA,2013J,10028,546846,20,10
AAA,2013J,10028,546846,94,6
AAA,2013J,10028,546846,28,17
AAA,2013J,10028,546846,13,18
AAA,2013J,10028,546846,80,5
AAA,2013J,10028,546846,71,18
AAA,2013J,10029,546844,43,19
AAA,2013J,10029,546844,76,10
AAA,2013J,10029,546844,67,7
AAA,2013J,10029,546844,19,12
AAA,2013J,10029,546844,86,5
AAA,2013J,10029,546844,31,16
AAA,2013J,10029,546844,41,9
AAA,2013J,10029,546844,69,7
AAA,2013J,10029,546844,89,14
AAA,2013J,10029,546844,60,11
AAA,2013J,10029,546845,35,11
AAA,2013J,10029,546845,64,16
AAA,2013J,10029,546845,62,12
AAA,2013J,10029,546845,90,13
AAA,2013J,10029,546845,81,16
AAA,2013J,10029,546845,55,1
AAA,2013J,10029,546845,52,16
AAA,2013J,10029,546845,94,15
AAA,2013J,10029,546845,75,6
AAA,2013J,10029,546845,53,12
AAA,2013J,10029,546846,66,14
AAA,2013J,10029,546846,2,15
AAA,2013J,10029,546846,36,6
AAA,2013J,10029,546846,32,4
AAA,2013J,10029,546846,33,8
AAA,2013J,10029,546846,15,19
AAA,2013J,10029,546846,82,5
AAA,2013J,10029,546846,61,13
AAA,2013J,10029,546846,92,16
AAA,2013J,10029,546846,93,1
AAA,2013J,10030,546844,64,9
AAA,2013J,10030,546844,98,3
AAA,2013J,10030,546844,91,12
AAA,2013J,10030,546844,19,19
AAA,2013J,10030,546844,10,15
AAA,2013J,10030,546844,97,16
AAA,2013J,10030,546844,2,10
AAA,2013J,10030,546844,50,6
AAA,2013J,10030,546844,17,17
AAA,2013J,10030,546844,41,17
AAA,2013J,10030,546845,1,6
AAA,2013J,10030,546845,17,11
AAA,2013J,10030,546845,3,18
AAA,2013J,10030,546845,54,12
AAA,2013J,10030,546845,2,5
AAA,2013J,10030,546845,83,9
AAA,2013J,10030,546845,75,18
AAA,2013J,10030,546845,78,19
AAA,2013J,10030,546845,27,3
AAA,2013J,10030,546845,22,9
AAA,2013J,10030,546846,24,12
AAA,2013J,10030,546846,36,11
AAA,2013J,10030,546846,68,12
AAA,2013J,10030,546846,33,19
AAA,2013J,10030,546846,99,12
AAA,2013J,10030,546846,51,12
AAA,2013J,10030,546846,46,14
AAA,2013J,10030,546846,79,2
AAA,2013J,10030,546846,77,2
AAA,2013J,10030,546846,85,4
AAA,2013J,10031,546844,97,5
AAA,2013J,10031,546844,32,16
AAA,2013J,10031,546844,25,4
AAA,2013J,10031,546844,89,17
AAA,2013J,10031,546844,21,2
AAA,2013J,10031,546844,18,12
AAA,2013J,10031,546844,24,1
AAA,2013J,10031,546844,27,12
AAA,2013J,10031,546844,93,12
AAA,2013J,10031,546844,45,12
AAA,2013J,10031,546845,70,3
AAA,2013J,10031,546845,98,5
AAA,2013J,10031,546845,34,16
AAA,2013J,10031,546845,96,17
AAA,2013J,10031,546845,65,6
AAA,2013J,10031,546845,94,16
AAA,2013J,10031,546845,19,2
AAA,2013J,10031,546845,32,15
AAA,2013J,10031,546845,55,18
AAA,2013J,10031,546845,84,1
AAA,2013J,10031,546846,26,3
AAA,2013J,10031,546846,49,13
AAA,2013J,10031,546846,63,12
AAA,2013J,10031,546846,1,15
AAA,2013J,10031,546846,47,18
AAA,2013J,10031,546846,4,5
AAA,2013J,10031,546846,3,7
AAA,2013J,10031,546846,15,11
AAA,2013J,10031,546846,35,11
AAA,2013J,10031,546846,59,15
AAA,2013J,10032,546844,53,1
AAA,2013J,10032,546844,86,16
AAA,2013J,10032,546844,39,2
AAA,2013J,10032,546844,67,7
AAA,2013J,10032,546844,59,6
AAA,2013J,10032,546844,10,5
AAA,2013J,10032,546844,5,4
AAA,2013J,10032,546844,60,2
AAA,2013J,10032,546844,75,10
AAA,2013J,10032,546844,3,5
AAA,2013J,10032,546845,55,10
AAA,2013J,10032,546845,92,13
AAA,2013J,10032,546845,88,18
AAA,2013J,10032,546845,39,16
AAA,2013J,10032,546845,57,17
AAA,2013J,10032,546845,46,13
AAA,2013J,10032,546845,71,12
AAA,2013J,10032,546845,24,10
AAA,2013J,10032,546845,83,1
AAA,2013J,10032,546845,78,8
AAA,2013J,10032,546846,11,3
AAA,2013J,10032,546846,56,16
AAA,2013J,10032,546846,61,1
AAA,2013J,10032,546846,19,16
AAA,2013J,10032,546846,14,12
AAA,2013J,10032,546846,30,19
AAA,2013J,10032,546846,88,8
AAA,2013J,10032,546846,58,12
AAA,2013J,10032,546846,65,15
AAA,2013J,10032,546846,74,2
AAA,2013J,10033,546844,66,19
AAA,2013J,10033,546844,12,13
AAA,2013J,10033,546844,16,5
AAA,2013J,10033,546844,74,9
AAA,2013J,10033,546844,86,13
AAA,2013J,10033,546844,51,1
AAA,2013J,10033,546844,58,15
AAA,2013J,10033,546844,57,4
AAA,2013J,10033,546844,15,4
AAA,2013J,10033,546844,64,10
AAA,2013J,10033,546845,16,18
AAA,2013J,10033,546845,17,8
AAA,2013J,10033,546845,2,5
AAA,2013J,10033,546845,9,7
AAA,2013J,10033,546845,26,16
AAA,2013J,10033,546845,53,14
AAA,2013J,10033,546845,65,5
AAA,2013J,10033,546845,68,9
AAA,2013J,10033,546845,1,4
AAA,2013J,10033,546845,29,4
AAA,2013J,10033,546846,71,16
AAA,2013J,10033,546846,77,19
AAA,2013J,10033,546846,51,16
AAA,2013J,10033,546846,66,11
AAA,2013J,10033,546846,87,8
AAA,2013J,10033,546846,90,1
AAA,2013J,10033,546846,19,9
AAA,2013J,10033,546846,58,12
AAA,2013J,10033,546846,72,8
AAA,2013J,10033,546846,65,17
AAA,2013J,10034,546844,47,7
AAA,2013J,10034,546844,35,11
AAA,2013J,10034,546844,11,11
AAA,2013J,10034,546844,34,17
AAA,2013J,10034,546844,86,16
AAA,2013J,10034,546844,15,13
AAA,2013J,10034,546844,18,5
AAA,2013J,10034,546844,73,16
AAA,2013J,10034,546844,44,16
AAA,2013J,10034,546844,36,16
AAA,2013J,10034,546845,64,5
AAA,2013J,10034,546845,69,12
AAA,2013J,10034,546845,86,11
AAA,2013J,10034,546845,39,13
AAA,2013J,10034,546845,12,16
AAA,2013J,10034,546845,57,18
AAA,2013J,10034,546845,82,17
AAA,2013J,10034,546845,76,17
AAA,2013J,10034,546845,46,11
AAA,2013J,10034,546845,87,10
AAA,2013J,10034,546846,39,8
AAA,2013J,10034,546846,25,13
AAA,2013J,10034,546846,7,10
AAA,2013J,10034,546846,69,2
AAA,2013J,10034,546846,78,8
AAA,2013J,10034,546846,4,6
AAA,2013J,10034,546846,95,16
AAA,2013J,10034,546846,65,18
AAA,2013J,10034,546846,86,17
AAA,2013J,10034,546846,45,6
AAA,2013J,10035,546844,92,9
AAA,2013J,10035,546844,18,10
AAA,2013J,10035,546844,16,4
AAA,2013J,10035,546844,69,3
AAA,2013J,10035,546844,53,9
AAA,2013J,10035,546844,25,17
AAA,2013J,10035,546844,20,14
AAA,2013J,10035,546844,64,10
AAA,2013J,10035,546844,74,13
AAA,2013J,10035,546844,43,12
AAA,2013J,10035,546845,19,8
AAA,2013J,10035,546845,15,6
AAA,2013J,10035,546845,61,4
AAA,2013J,10035,546845,53,12
AAA,2013J,10035,546845,55,12
AAA,2013J,10035,546845,38,16
AAA,2013J,10035,546845,64,10
AAA,2013J,10035,546845,88,14
AAA,2013J,10035,546845,34,13
AAA,2013J,10035,546845,31,9
AAA,2013J,10035,546846,35,12
AAA,2013J,10035,546846,85,3
AAA,2013J,10035,546846,79,4
AAA,2013J,10035,546846,46,10
AAA,2013J,10035,546846,42,4
AAA,2013J,10035,546846,22,15
AAA,2013J,10035,546846,77,10
AAA,2013J,10035,546846,99,16
AAA,2013J,10035,546846,51,15
AAA,2013J,10035,546846,21,19
AAA,2013J,10036,546844,3,9
AAA,2013J,10036,546844,36,13
AAA,2013J,10036,546844,69,4
AAA,2013J,10036,546844,31,9
AAA,2013J,10036,546844,9,15
AAA,2013J,10036,546844,73,14
AAA,2013J,10036,546844,48,19
AAA,2013J,10036,546844,99,12
AAA,2013J,10036,546844,42,6
AAA,2013J,10036,546844,91,3
AAA,2013J,10036,546845,44,2
AAA,2013J,10036,546845,69,19
AAA,2013J,10036,546845,49,4
AAA,2013J,10036,546845,3,7
AAA,2013J,10036,546845,98,7
AAA,2013J,10036,546845,73,17
AAA,2013J,10036,546845,8,19
AAA,2013J,10036,546845,55,16
AAA,2013J,10036,546845,51,3
AAA,2013J,10036,546845,95,15
AAA,2013J,10036,546846,43,13
AAA,2013J,10036,546846,25,16
AAA,2013J,10036,546846,79,2
AAA,2013J,10036,546846,96,19
AAA,2013J,10036,546846,83,17
AAA,2013J,10036,546846,18,5
AAA,2013J,10036,546846,98,18
AAA,2013J,10036,546846,60,18
AAA,2013J,10036,546846,80,8
AAA,2013J,10036,546846,9,15
AAA,2013J,10037,546844,26,12
AAA,2013J,10037,546844,83,4
AAA,2013J,10037,546844,5,14
AAA,2013J,10037,546844,65,7
AAA,2013J,10037,546844,43,13
AAA,2013J,10037,546844,12,8
AAA,2013J,10037,546844,38,5
AAA,2013J,10037,546844,95,12
AAA,2013J,10037,546844,67,13
AAA,2013J,10037,546844,74,14
AAA,2013J,10037,546845,30,6
AAA,2013J,10037,546845,83,5
AAA,2013J,10037,546845,41,1
AAA,2013J,10037,546845,14,18
AAA,2013J,10037,546845,76,15
AAA,2013J,10037,546845,55,10
AAA,2013J,10037,546845,33,3
AAA,2013J,10037,546845,6,5
AAA,2013J,10037,546845,37,13
AAA,2013J,10037,546845,63,8
AAA,2013J,10037,546846,23,2
AAA,2013J,10037,546846,58,3
AAA,2013J,10037,546846,82,4
AAA,2013J,10037,546846,71,17
AAA,2013J,10037,546846,14,6
AAA,2013J,10037,546846,55,7
AAA,2013J,10037,546846,3,15
AAA,2013J,10037,546846,40,11
AAA,2013J,10037,546846,68,3
AAA,2013J,10037,546846,4,6
AAA,2013J,10038,546844,15,9
AAA,2013J,10038,546844,45,15
AAA,2013J,10038,546844,99,12
AAA,2013J,10038,546844,43,3
AAA,2013J,10038,546844,17,11
AAA,2013J,10038,546844,70,15
AAA,2013J,10038,546844,11,3
AAA,2013J,10038,546844,76,14
AAA,2013J,10038,546844,62,2
AAA,2013J,10038,546844,88,4
AAA,2013J,10038,546845,69,19
AAA,2013J,10038,546845,3,13
AAA,2013J,10038,546845,61,7
AAA,2013J,10038,546845,48,10
AAA,2013J,10038,546845,64,10
AAA,2013J,10038,546845,58,2
AAA,2013J,10038,546845,63,14
AAA,2013J,10038,546845,98,13
AAA,2013J,10038,546845,9,6
AAA,2013J,10038,546845,19,9
AAA,2013J,10038,546846,82,17
AAA,2013J,10038,546846,79,9
AAA,2013J,10038,546846,32,19
AAA,2013J,10038,546846,30,18
AAA,2013J,10038,546846,66,5
AAA,2013J,10038,546846,2,6
AAA,2013J,10038,546846,10,12
AAA,2013J,10038,546846,86,11
AAA,2013J,10038,546846,75,16
AAA,2013J,10038,546846,76,17
AAA,2013J,10039,546844,12,4
AAA,2013J,10039,546844,78,18
AAA,2013J,10039,546844,88,3
AAA,2013J,10039,546844,65,4
AAA,2013J,10039,546844,25,14
AAA,2013J,10039,546844,98,7
AAA,2013J,10039,546844,24,8
AAA,2013J,10039,546844,5,16
AAA,2013J,10039,546844,29,15
AAA,2013J,10039,546844,95,7
AAA,2013J,10039,546845,80,14
AAA,2013J,10039,546845,3,16
AAA,2013J,10039,546845,5,7
AAA,2013J,10039,546845,68,12
AAA,2013J,10039,546845,18,14
AAA,2013J,10039,546845,63,4
AAA,2013J,10039,546845,4,4
AAA,2013J,10039,546845,84,18
AAA,2013J,10039,546845,25,3
AAA,2013J,10039,546845,49,1
AAA,2013J,10039,546846,63,5
AAA,2013J,10039,546846,53,12
AAA,2013J,10039,546846,36,3
AAA,2013J,10039,546846,81,16
AAA,2013J,10039,546846,15,6
AAA,2013J,10039,546846,95,15
AAA,2013J,10039,546846,45,15
AAA,2013J,10039,546846,2,16
AAA,2013J,10039,546846,38,13
AAA,2013J,10039,546846,46,12
AAA,2013J,10040,546844,7,1
AAA,2013J,10040,546844,24,17
AAA,2013J,10040,546844,17,19
AAA,2013J,10040,546844,52,5
AAA,2013J,10040,546844,30,16
AAA,2013J,10040,546844,72,7
AAA,2013J,10040,546844,33,7
AAA,2013J,10040,546844,68,18
AAA,2013J,10040,546844,79,18
AAA,2013J,10040,546844,56,2
AAA,2013J,10040,546845,1,7
AAA,2013J,10040,546845,94,18
AAA,2013J,10040,546845,26,12
AAA,2013J,10040,546845,97,14
AAA,2013J,10040,546845,65,15
AAA,2013J,10040,546845,42,16
AAA,2013J,10040,546845,21,2
AAA,2013J,10040,546845,87,18
AAA,2013J,10040,546845,39,12
AAA,2013J,10040,546845,28,16
AAA,2013J,10040,546846,29,19
AAA,2013J,10040,546846,54,17
AAA,2013J,10040,546846,39,10
AAA,2013J,10040,546846,16,19
AAA,2013J,10040,546846,69,11
AAA,2013J,10040,546846,44,15
AAA,2013J,10040,546846,86,10
AAA,2013J,10040,546846,58,11
AAA,2013J,10040,546846,76,3
AAA,2013J,10040,546846,71,3
AAA,2013J,10041,546844,72,3
AAA,2013J,10041,546844,87,13
AAA,2013J,10041,546844,9,15
AAA,2013J,10041,546844,46,14
AAA,2013J,10041,546844,84,9
AAA,2013J,10041,546844,61,13
AAA,2013J,10041,546844,49,4
AAA,2013J,10041,546844,35,8
AAA,2013J,10041,546844,11,3
AAA,2013J,10041,546844,16,2
AAA,2013J,10041,546845,38,13
AAA,2013J,10041,546845,71,4
AAA,2013J,10041,546845,41,17
AAA,2013J,10041,546845,90,4
AAA,2013J,10041,546845,83,16
AAA,2013J,10041,546845,39,15
AAA,2013J,10041,546845,40,14
AAA,2013J,10041,546845,87,12
AAA,2013J,10041,546845,58,3
AAA,2013J,10041,546845,99,10
AAA,2013J,10041,546846,54,13
AAA,2013J,10041,546846,66,3
AAA,2013J,10041,546846,89,19
AAA,2013J,10041,546846,43,15
AAA,2013J,10041,546846,46,5
AAA,2013J,10041,546846,57,11
AAA,2013J,10041,546846,32,18
AAA,2013J,10041,546846,9,3
AAA,2013J,10041,546846,97,6
AAA,2013J,10041,546846,92,3
AAA,2013J,10042,546844,98,8
AAA,2013J,10042,546844,6,5
AAA,2013J,10042,546844,61,16
AAA,2013J,10042,546844,10,8
AAA,2013J,10042,546844,80,10
AAA,2013J,10042,546844,12,8
AAA,2013J,10042,546844,50,9
AAA,2013J,10042,546844,41,18
AAA,2013J,10042,546844,84,3
AAA,2013J,10042,546844,3,17
AAA,2013J,10042,546845,7,18
AAA,2013J,10042,546845,58,19
AAA,2013J,10042,546845,68,1
AAA,2013J,10042,546845,73,4
AAA,2013J,10042,546845,19,4
AAA,2013J,10042,546845,71,2
AAA,2013J,10042,546845,57,19
AAA,2013J,10042,546845,2,12
AAA,2013J,10042,546845,13,10
AAA,2013J,10042,546845,90,13
AAA,2013J,10042,546846,60,17
AAA,2013J,10042,546846,32,13
AAA,2013J,10042,546846,11,10
AAA,2013J,10042,546846,36,16
AAA,2013J,10042,546846,57,6
AAA,2013J,10042,546846,90,16
AAA,2013J,10042,546846,63,11
AAA,2013J,10042,546846,19,3
AAA,2013J,10042,546846,66,9
AAA,2013J,10042,546846,42,15
AAA,2013J,10043,546844,63,16
AAA,2013J,10043,546844,5,5
AAA,2013J,10043,546844,11,19
AAA,2013J,10043,546844,26,4
AAA,2013J,10043,546844,35,6
AAA,2013J,10043,546844,61,17
AAA,2013J,10043,546844,14,7
AAA,2013J,10043,546844,83,7
AAA,2013J,10043,546844,24,9
AAA,2013J,10043,546844,99,13
AAA,2013J,10043,546845,53,10
AAA,2013J,10043,546845,38,16
AAA,2013J,10043,546845,12,11
AAA,2013J,10043,546845,20,6
AAA,2013J,10043,546845,61,1
AAA,2013J,10043,546845,32,12
AAA,2013J,10043,546845,56,6
AAA,2013J,10043,546845,2,13
AAA,2013J,10043,546845,48,17
AAA,2013J,10043,546845,59,1
AAA,2013J,10043,546846,72,14
AAA,2013J,10043,546846,65,2
AAA,2013J,10043,546846,59,16
AAA,2013J,10043,546846,28,11
AAA,2013J,10043,546846,22,13
AAA,2013J,10043,546846,66,1
AAA,2013J,10043,546846,18,2
AAA,2013J,10043,546846,98,2
AAA,2013J,10043,546846,23,5
AAA,2013J,10043,546846,4,4
AAA,2013J,10044,546844,20,12
AAA,2013J,10044,546844,3,1
AAA,2013J,10044,546844,73,16
AAA,2013J,10044,546844,13,12
AAA,2013J,10044,546844,59,9
AAA,2013J,10044,546844,66,13
AAA,2013J,10044,546844,12,17
AAA,2013J,10044,546844,98,17
AAA,2013J,10044,546844,46,4
AAA,2013J,10044,546844,41,14
AAA,2013J,10044,546845,93,2
AAA,2013J,10044,546845,9,13
AAA,2013J,10044,546845,56,1
AAA,2013J,10044,546845,62,4
AAA,2013J,10044,546845,79,2
AAA,2013J,10044,546845,49,16
AAA,2013J,10044,546845,12,3
AAA,2013J,10044,546845,34,17
AAA,2013J,10044,546845,14,5
AAA,2013J,10044,546845,28,8
AAA,2013J,10044,546846,2,8
AAA,2013J,10044,546846,73,13
AAA,2013J,10044,546846,90,14
AAA,2013J,10044,546846,53,12
AAA,2013J,10044,546846,36,8
AAA,2013J,10044,546846,62,18
AAA,2013J,10044,546846,78,16
AAA,2013J,10044,546846,20,11
AAA,2013J,10044,546846,95,16
AAA,2013J,10044,546846,6,14
AAA,2013J,10045,546844,78,3
AAA,2013J,10045,546844,12,14
AAA,2013J,10045,546844,32,2
AAA,2013J,10045,546844,82,11
AAA,2013J,10045,546844,24,3
AAA,2013J,10045,546844,41,18
AAA,2013J,10045,546844,90,1
AAA,2013J,10045,546844,80,1
AAA,2013J,10045,546844,84,12
AAA,2013J,10045,546844,65,15
AAA,2013J,10045,546845,99,18
AAA,2013J,10045,546845,4,18
AAA,2013J,10045,546845,16,1
AAA,2013J,10045,546845,25,14
AAA,2013J,10045,546845,8,8
AAA,2013J,10045,546845,28,2
AAA,2013J,10045,546845,29,19
AAA,2013J,10045,546845,11,15
AAA,2013J,10045,546845,20,2
AAA,2013J,10045,546845,65,4
AAA,2013J,10045,546846,73,12
AAA,2013J,10045,546846,11,19
AAA,2013J,10045,546846,36,1
AAA,2013J,10045,546846,76,8
AAA,2013J,10045,546846,20,4
AAA,2013J,10045,546846,90,19
AAA,2013J,10045,546846,71,5
AAA,2013J,10045,546846,16,17
AAA,2013J,10045,546846,31,3
AAA,2013J,10045,546846,26,19
AAA,2013J,10046,546844,27,13
AAA,2013J,10046,546844,75,1
AAA,2013J,10046,546844,74,16
AAA,2013J,10046,546844,19,14
AAA,2013J,10046,546844,88,4
AAA,2013J,10046,546844,24,12
AAA,2013J,10046,546844,34,12
AAA,2013J,10046,546844,20,17
AAA,2013J,10046,546844,90,15
AAA,2013J,10046,546844,44,10
AAA,2013J,10046,546845,1,1
AAA,2013J,10046,546845,62,15
AAA,2013J,10046,546845,13,18
AAA,2013J,10046,546845,50,12
AAA,2013J,10046,546845,70,1
AAA,2013J,10046,546845,11,7
AAA,2013J,10046,546845,69,19
AAA,2013J,10046,546845,91,1
AAA,2013J,10046,546845,37,7
AAA,2013J,10046,546845,25,2
AAA,2013J,10046,546846,44,19
AAA,2013J,10046,546846,30,11
AAA,2013J,10046,546846,36,7
AAA,2013J,10046,546846,80,5
AAA,2013J,10046,546846,22,12
AAA,2013J,10046,546846,56,19
AAA,2013J,10046,546846,23,15
AAA,2013J,10046,546846,58,12
AAA,2013J,10046,546846,91,4
AAA,2013J,10046,546846,51,12
AAA,2013J,10047,546844,17,5
AAA,2013J,10047,546844,48,2
AAA,2013J,10047,546844,39,19
AAA,2013J,10047,546844,67,2
AAA,2013J,10047,546844,77,2
AAA,2013J,10047,546844,40,18
AAA,2013J,10047,546844,42,14
AAA,2013J,10047,546844,60,15
AAA,2013J,10047,546844,79,12
AAA,2013J,10047,546844,99,11
AAA,2013J,10047,546845,70,5
AAA,2013J,10047,546845,56,17
AAA,2013J,10047,546845,77,15
AAA,2013J,10047,546845,34,6
AAA,2013J,10047,546845,12,14
AAA,2013J,10047,546845,99,14
AAA,2013J,10047,546845,39,17
AAA,2013J,10047,546845,60,8
AAA,2013J,10047,546845,1,8
AAA,2013J,10047,546845,35,19
AAA,2013J,10047,546846,94,7
AAA,2013J,10047,546846,99,9
AAA,2013J,10047,546846,68,9
AAA,2013J,10047,546846,35,10
AAA,2013J,10047,546846,2,10
AAA,2013J,10047,546846,15,2
AAA,2013J,10047,546846,64,4
AAA,2013J,10047,546846,77,8
AAA,2013J,10047,546846,11,14
AAA,2013J,10047,546846,71,17
AAA,2013J,10048,546844,71,19
AAA,2013J,10048,546844,68,17
AAA,2013J,10048,546844,69,12
AAA,2013J,10048,546844,25,15
AAA,2013J,10048,546844,60,12
AAA,2013J,10048,546844,5,9
AAA,2013J,10048,546844,87,5
AAA,2013J,10048,546844,97,4
AAA,2013J,10048,546844,96,12
AAA,2013J,10048,546844,80,16
AAA,2013J,10048,546845,44,1
AAA,2013J,10048,546845,43,13
AAA,2013J,10048,546845,38,19
AAA,2013J,10048,546845,89,1
AAA,2013J,10048,546845,64,13
AAA,2013J,10048,546845,9,11
AAA,2013J,10048,546845,16,7
AAA,2013J,10048,546845,28,3
AAA,2013J,10048,546845,76,1
AAA,2013J,10048,546845,13,8
AAA,2013J,10048,546846,24,1
AAA,2013J,10048,546846,76,12
AAA,2013J,10048,546846,35,17
AAA,2013J,10048,546846,83,15
AAA,2013J,10048,546846,42,2
AAA,2013J,10048,546846,2,18
AAA,2013J,10048,546846,20,16
AAA,2013J,10048,546846,39,4
AAA,2013J,10048,546846,97,8
AAA,2013J,10048,546846,43,2
AAA,2013J,10049,546844,54,15
AAA,2013J,10049,546844,7,17
AAA,2013J,10049,546844,98,10
AAA,2013J,10049,546844,1,6
AAA,2013J,10049,546844,18,9
AAA,2013J,10049,546844,16,15
AAA,2013J,10049,546844,30,16
AAA,2013J,10049,546844,85,8
AAA,2013J,10049,546844,36,16
AAA,2013J,10049,546844,51,5
AAA,2013J,10049,546845,58,17
AAA,2013J,10049,546845,59,9
AAA,2013J,10049,546845,29,7
AAA,2013J,10049,546845,37,17
AAA,2013J,10049,546845,28,3
AAA,2013J,10049,546845,62,16
AAA,2013J,10049,546845,56,5
AAA,2013J,10049,546845,41,18
AAA,2013J,10049,546845,53,1
AAA,2013J,10049,546845,78,4
AAA,2013J,10049,546846,25,6
AAA,2013J,10049,546846,98,3
AAA,2013J,10049,546846,33,19
AAA,2013J,10049,546846,10,7
AAA,2013J,10049,546846,84,13
AAA,2013J,10049,546846,89,13
AAA,2013J,10049,546846,92,17
AAA,2013J,10049,546846,44,1
AAA,2013J,10049,546846,72,14
AAA,2013J,10049,546846,11,3
AAA,2013J,10050,546844,32,15
AAA,2013J,10050,546844,45,14
AAA,2013J,10050,546844,58,11
AAA,2013J,10050,546844,83,11
AAA,2013J,10050,546844,33,9
AAA,2013J,10050,546844,89,6
AAA,2013J,10050,546844,20,15
AAA,2013J,10050,546844,82,12
AAA,2013J,10050,546844,30,6
AAA,2013J,10050,546844,8,1
AAA,2013J,10050,546845,72,19
AAA,2013J,10050,546845,99,8
AAA,2013J,10050,546845,54,2
AAA,2013J,10050,546845,59,4
AAA,2013J,10050,546845,88,6
AAA,2013J,10050,546845,53,3
AAA,2013J,10050,546845,68,3
AAA,2013J,10050,546845,47,19
AAA,2013J,10050,546845,32,11
AAA,2013J,10050,546845,35,10
AAA,2013J,10050,546846,40,11
AAA,2013J,10050,546846,28,9
AAA,2013J,10050,546846,93,6
AAA,2013J,10050,546846,62,8
AAA,2013J,10050,546846,44,9
AAA,2013J,10050,546846,33,9
AAA,2013J,10050,546846,78,8
AAA,2013J,10050,546846,86,12
AAA,2013J,10050,546846,85,8
AAA,2013J,10050,546846,17,3
AAA,2013J,10051,546844,70,5
AAA,2013J,10051,546844,43,9
AAA,2013J,10051,546844,14,19
AAA,2013J,10051,546844,92,15
AAA,2013J,10051,546844,79,13
AAA,2013J,10051,546844,40,12
AAA,2013J,10051,546844,11,5
AAA,2013J,10051,546844,26,2
AAA,2013J,10051,546844,21,4
AAA,2013J,10051,546844,94,18
AAA,2013J,10051,546845,81,7
AAA,2013J,10051,546845,55,9
AAA,2013J,10051,546845,66,4
AAA,2013J,10051,546845,78,17
AAA,2013J,10051,546845,58,12
AAA,2013J,10051,546845,65,6
AAA,2013J,10051,546845,9,18
AAA,2013J,10051,546845,75,8
AAA,2013J,10051,546845,80,15
AAA,2013J,10051,546845,23,3
AAA,2013J,10051,546846,52,12
AAA,2013J,10051,546846,96,8
AAA,2013J,10051,546846,94,3
AAA,2013J,10051,546846,93,2
AAA,2013J,10051,546846,92,6
AAA,2013J,10051,546846,77,16
AAA,2013J,10051,546846,88,15
AAA,2013J,10051,546846,31,14
AAA,2013J,10051,546846,38,2
AAA,2013J,10051,546846,35,18
AAA,2013J,10052,546844,47,16
AAA,2013J,10052,546844,55,9
AAA,2013J,10052,546844,83,4
AAA,2013J,10052,546844,94,16
AAA,2013J,10052,546844,32,11
AAA,2013J,10052,546844,14,7
AAA,2013J,10052,546844,18,17
AAA,2013J,10052,546844,74,13
AAA,2013J,10052,546844,17,4
AAA,2013J,10052,546844,53,14
AAA,2013J,10052,546845,93,11
AAA,2013J,10052,546845,88,15
AAA,2013J,10052,546845,21,15
AAA,2013J,10052,546845,83,2
AAA,2013J,10052,546845,72,11
AAA,2013J,10052,546845,66,2
AAA,2013J,10052,546845,10,5
AAA,2013J,10052,546845,25,13
AAA,2013J,10052,546845,86,1
AAA,2013J,10052,546845,12,7
AAA,2013J,10052,546846,56,4
AAA,2013J,10052,546846,67,10
AAA,2013J,10052,546846,45,19
AAA,2013J,10052,546846,29,13
AAA,2013J,10052,546846,70,18
AAA,2013J,10052,546846,49,15
AAA,2013J,10052,546846,26,4
AAA,2013J,10052,546846,77,9
AAA,2013J,10052,546846,57,4
AAA,2013J,10052,546846,75,16
AAA,2013J,10053,546844,75,18
AAA,2013J,10053,546844,30,5
AAA,2013J,10053,546844,47,8
AAA,2013J,10053,546844,83,3
AAA,2013J,10053,546844,63,2
AAA,2013J,10053,546844,26,19
AAA,2013J,10053,546844,25,8
AAA,2013J,10053,546844,98,2
AAA,2013J,10053,546844,74,19
AAA,2013J,10053,546844,79,1
AAA,2013J,10053,546845,94,11
AAA,2013J,10053,546845,42,14
AAA,2013J,10053,546845,46,10
AAA,2013J,10053,546845,98,19
AAA,2013J,10053,546845,35,16
AAA,2013J,10053,546845,9,8
AAA,2013J,10053,546845,51,2
AAA,2013J,10053,546845,24,7
AAA,2013J,10053,546845,50,19
AAA,2013J,10053,546845,86,7
AAA,2013J,10053,546846,66,7
AAA,2013J,10053,546846,37,8
AAA,2013J,10053,546846,84,13
AAA,2013J,10053,546846,82,18
AAA,2013J,10053,546846,79,11
AAA,2013J,10053,546846,14,9
AAA,2013J,10053,546846,74,1
AAA,2013J,10053,546846,2,8
AAA,2013J,10053,546846,24,12
AAA,2013J,10053,546846,16,2
AAA,2013J,10054,546844,41,18
AAA,2013J,10054,546844,92,6
AAA,2013J,10054,546844,75,5
AAA,2013J,10054,546844,34,9
AAA,2013J,10054,546844,90,11
AAA,2013J,10054,546844,26,6
AAA,2013J,10054,546844,67,16
AAA,2013J,10054,546844,61,19
AAA,2013J,10054,546844,32,11
AAA,2013J,10054,546844,37,15
AAA,2013J,10054,546845,5,19
AAA,2013J,10054,546845,29,11
AAA,2013J,10054,546845,8,17
AAA,2013J,10054,546845,11,17
AAA,2013J,10054,546845,68,3
AAA,2013J,10054,546845,46,14
AAA,2013J,10054,546845,74,7
AAA,2013J,10054,546845,81,19
AAA,2013J,10054,546845,23,3
AAA,2013J,10054,546845,6,2
AAA,2013J,10054,546846,16,19
AAA,2013J,10054,546846,61,16
AAA,2013J,10054,546846,5,10
AAA,2013J,10054,546846,67,1
AAA,2013J,10054,546846,94,5
AAA,2013J,10054,546846,3,3
AAA,2013J,10054,546846,81,17
AAA,2013J,10054,546846,50,18
AAA,2013J,10054,546846,18,19
AAA,2013J,10054,546846,96,18
AAA,2013J,10055,546844,69,15
AAA,2013J,10055,546844,89,10
AAA,2013J,10055,546844,78,16
AAA,2013J,10055,546844,75,9
AAA,2013J,10055,546844,93,7
AAA,2013J,10055,546844,60,11
AAA,2013J,10055,546844,23,9
AAA,2013J,10055,546844,61,17
AAA,2013J,10055,546844,40,9
AAA,2013J,10055,546844,25,3
AAA,2013J,10055,546845,91,8
AAA,2013J,10055,546845,70,2
AAA,2013J,10055,546845,92,9
AAA,2013J,10055,546845,81,7
AAA,2013J,10055,546845,55,18
AAA,2013J,10055,546845,27,16
AAA,2013J,10055,546845,34,5
AAA,2013J,10055,546845,67,15
AAA,2013J,10055,546845,73,5
AAA,2013J,10055,546845,79,11
AAA,2013J,10055,546846,14,5
AAA,2013J,10055,546846,87,15
AAA,2013J,10055,546846,51,7
AAA,2013J,10055,546846,71,14
AAA,2013J,10055,546846,6,16
AAA,2013J,10055,546846,90,6
AAA,2013J,10055,546846,98,2
AAA,2013J,10055,546846,39,16
AAA,2013J,10055,546846,10,19
AAA,2013J,10055,546846,92,5
AAA,2013J,10056,546844,19,13
AAA,2013J,10056,546844,23,12
AAA,2013J,10056,546844,41,19
AAA,2013J,10056,546844,33,2
AAA,2013J,10056,546844,79,1
AAA,2013J,10056,546844,5,8
AAA,2013J,10056,546844,57,9
AAA,2013J,10056,546844,78,8
AAA,2013J,10056,546844,62,17
AAA,2013J,10056,546844,69,9
AAA,2013J,10056,546845,77,3
AAA,2013J,10056,546845,97,15
AAA,2013J,10056,546845,71,5
AAA,2013J,10056,546845,53,8
AAA,2013J,10056,546845,65,14
AAA,2013J,10056,546845,70,4
AAA,2013J,10056,546845,3,7
AAA,2013J,10056,546845,73,7
AAA,2013J,10056,546845,29,18
AAA,2013J,10056,546845,8,14
AAA,2013J,10056,546846,88,2
AAA,2013J,10056,546846,90,17
AAA,2013J,10056,546846,51,4
AAA,2013J,10056,546846,49,13
AAA,2013J,10056,546846,1,18
AAA,2013J,10056,546846,31,3
AAA,2013J,10056,546846,80,19
AAA,2013J,10056,546846,40,5
AAA,2013J,10056,546846,35,1
AAA,2013J,10056,546846,36,9
AAA,2013J,10057,546844,79,15
AAA,2013J,10057,546844,15,16
AAA,2013J,10057,546844,51,11
AAA,2013J,10057,546844,70,19
AAA,2013J,10057,546844,49,18
AAA,2013J,10057,546844,83,9
AAA,2013J,10057,546844,84,8
AAA,2013J,10057,546844,97,19
AAA,2013J,10057,546844,27,5
AAA,2013J,10057,546844,29,17
AAA,2013J,10057,546845,3,5
AAA,2013J,10057,546845,31,7
AAA,2013J,10057,546845,46,8
AAA,2013J,10057,546845,37,14
AAA,2013J,10057,546845,54,4
AAA,2013J,10057,546845,42,14
AAA,2013J,10057,546845,36,10
AAA,2013J,10057,546845,45,16
AAA,2013J,10057,546845,47,11
AAA,2013J,10057,546845,5,14
AAA,2013J,10057,546846,46,13
AAA,2013J,10057,546846,81,16
AAA,2013J,10057,546846,72,13
AAA,2013J,10057,546846,10,4
AAA,2013J,10057,546846,32,4
AAA,2013J,10057,546846,75,11
AAA,2013J,10057,546846,2,14
AAA,2013J,10057,546846,45,3
AAA,2013J,10057,546846,14,19
AAA,2013J,10057,546846,31,1
AAA,2013J,10058,546844,14,9
AAA,2013J,10058,546844,34,5
AAA,2013J,10058,546844,79,9
AAA,2013J,10058,546844,58,8
AAA,2013J,10058,546844,37,16
AAA,2013J,10058,546844,12,18
AAA,2013J,10058,546844,91,4
AAA,2013J,10058,546844,83,16
AAA,2013J,10058,546844,57,4
AAA,2013J,10058,546844,88,6
AAA,2013J,10058,546845,48,19
AAA,2013J,10058,546845,47,12
AAA,2013J,10058,546845,59,9
AAA,2013J,10058,546845,75,15
AAA,2013J,10058,546845,20,14
AAA,2013J,10058,546845,50,1
AAA,2013J,10058,546845,30,17
AAA,2013J,10058,546845,16,1
AAA,2013J,10058,546845,82,13
AAA,2013J,10058,546845,69,8
AAA,2013J,10058,546846,2,19
AAA,2013J,10058,546846,69,8
AAA,2013J,10058,546846,54,8
AAA,2013J,10058,546846,34,3
AAA,2013J,10058,546846,46,10
AAA,2013J,10058,546846,86,13
AAA,2013J,10058,546846,76,9
AAA,2013J,10058,546846,28,6
AAA,2013J,10058,546846,6,15
AAA,2013J,10058,546846,42,16
AAA,2013J,10059,546844,74,2
AAA,2013J,10059,546844,2,16
AAA,2013J,10059,546844,7,18
AAA,2013J,10059,546844,48,2
AAA,2013J,10059,546844,8,16
AAA,2013J,10059,546844,12,1
AAA,2013J,10059,546844,75,16
AAA,2013J,10059,546844,73,3
AAA,2013J,10059,546844,78,15
AAA,2013J,10059,546844,18,11
AAA,2013J,10059,546845,57,1
AAA,2013J,10059,546845,93,16
AAA,2013J,10059,546845,22,9
AAA,2013J,10059,546845,97,11
AAA,2013J,10059,546845,31,6
AAA,2013J,10059,546845,11,17
AAA,2013J,10059,546845,20,12
AAA,2013J,10059,546845,80,8
AAA,2013J,10059,546845,37,16
AAA,2013J,10059,546845,29,5
AAA,2013J,10059,546846,66,6
AAA,2013J,10059,546846,5,7
AAA,2013J,10059,546846,49,15
AAA,2013J,10059,546846,69,18
AAA,2013J,10059,546846,65,9
AAA,2013J,10059,546846,28,8
AAA,2013J,10059,546846,64,10
AAA,2013J,10059,546846,80,4
AAA,2013J,10059,546846,54,8
AAA,2013J,10059,546846,41,1
AAA,2013J,10060,546844,32,15
AAA,2013J,10060,546844,22,7
AAA,2013J,10060,546844,46,12
AAA,2013J,10060,546844,7,16
AAA,2013J,10060,546844,53,9
AAA,2013J,10060,546844,89,5
AAA,2013J,10060,546844,26,11
AAA,2013J,10060,546844,58,2
AAA,2013J,10060,546844,21,16
AAA,2013J,10060,546844,1,4
AAA,2013J,10060,546845,67,16
AAA,2013J,10060,546845,98,11
AAA,2013J,10060,546845,36,12
AAA,2013J,10060,546845,11,1
AAA,2013J,10060,546845,16,2
AAA,2013J,10060,546845,41,16
AAA,2013J,10060,546845,69,2
AAA,2013J,10060,546845,42,19
AAA,2013J,10060,546845,15,10
AAA,2013J,10060,546845,57,19
AAA,2013J,10060,546846,24,17
AAA,2013J,10060,546846,26,9
AAA,2013J,10060,546846,78,9
AAA,2013J,10060,546846,16,5
AAA,2013J,10060,546846,30,7
AAA,2013J,10060,546846,17,11
AAA,2013J,10060,546846,88,8
AAA,2013J,10060,546846,27,14
AAA,2013J,10060,546846,61,2
AAA,2013J,10060,546846,64,10
AAA,2013J,10061,546844,97,14
AAA,2013J,10061,546844,90,10
AAA,2013J,10061,546844,23,4
AAA,2013J,10061,546844,65,15
AAA,2013J,10061,546844,69,8
AAA,2013J,10061,546844,12,15
AAA,2013J,10061,546844,88,14
AAA,2013J,10061,546844,57,9
AAA,2013J,10061,546844,62,3
AAA,2013J,10061,546844,44,15
AAA,2013J,10061,546845,13,4
AAA,2013J,10061,546845,18,12
AAA,2013J,10061,546845,59,17
AAA,2013J,10061,546845,1,1
AAA,2013J,10061,546845,71,18
AAA,2013J,10061,546845,98,16
AAA,2013J,10061,546845,4,1
AAA,2013J,10061,546845,40,10
AAA,2013J,10061,546845,79,19
AAA,2013J,10061,546845,52,16
AAA,2013J,10061,546846,66,2
AAA,2013J,10061,546846,64,18
AAA,2013J,10061,546846,15,9
AAA,2013J,10061,546846,28,10
AAA,2013J,10061,546846,23,18
AAA,2013J,10061,546846,68,4
AAA,2013J,10061,546846,21,8
AAA,2013J,10061,546846,83,18
AAA,2013J,10061,546846,45,17
AAA,2013J,10061,546846,71,16
AAA,2013J,10062,546844,98,17
AAA,2013J,10062,546844,80,6
AAA,2013J,10062,546844,8,17
AAA,2013J,10062,546844,19,5
AAA,2013J,10062,546844,9,17
AAA,2013J,10062,546844,30,17
AAA,2013J,10062,546844,96,13
AAA,2013J,10062,546844,27,7
AAA,2013J,10062,546844,85,6
AAA,2013J,10062,546844,14,14
AAA,2013J,10062,546845,72,18
AAA,2013J,10062,546845,60,12
AAA,2013J,10062,546845,20,17
AAA,2013J,10062,546845,76,1
AAA,2013J,10062,546845,21,8
AAA,2013J,10062,546845,92,10
AAA,2013J,10062,546845,26,10
AAA,2013J,10062,546845,73,18
AAA,2013J,10062,546845,95,9
AAA,2013J,10062,546845,12,2
AAA,2013J,10062,546846,68,11
AAA,2013J,10062,546846,57,10
AAA,2013J,10062,546846,74,7
AAA,2013J,10062,546846,89,10
AAA,2013J,10062,546846,24,1
AAA,2013J,10062,546846,73,14
AAA,2013J,10062,546846,66,3
AAA,2013J,10062,546846,64,13
AAA,2013J,10062,546846,58,2
AAA,2013J,10062,546846,14,17
AAA,2013J,10063,546844,71,8
AAA,2013J,10063,546844,29,11
AAA,2013J,10063,546844,25,8
AAA,2013J,10063,546844,75,12
AAA,2013J,10063,546844,20,10
AAA,2013J,10063,546844,50,4
AAA,2013J,10063,546844,16,16
AAA,2013J,10063,546844,84,6
AAA,2013J,10063,546844,33,9
AAA,2013J,10063,546844,39,5
AAA,2013J,10063,546845,27,4
AAA,2013J,10063,546845,16,11
AAA,2013J,10063,546845,50,9
AAA,2013J,10063,546845,41,6
AAA,2013J,10063,546845,1,2
AAA,2013J,10063,546845,10,15
AAA,2013J,10063,546845,20,5
AAA,2013J,10063,546845,75,12
AAA,2013J,10063,546845,60,13
AAA,2013J,10063,546845,29,17
AAA,2013J,10063,546846,27,8
AAA,2013J,10063,546846,63,19
AAA,2013J,10063,546846,13,1
AAA,2013J,10063,546846,72,5
AAA,2013J,10063,546846,42,1
AAA,2013J,10063,546846,78,11
AAA,2013J,10063,546846,65,9
AAA,2013J,10063,546846,70,5
AAA,2013J,10063,546846,71,2
AAA,2013J,10063,546846,37,13
AAA,2013J,10064,546844,70,10
AAA,2013J,10064,546844,16,10
AAA,2013J,10064,546844,24,13
AAA,2013J,10064,546844,79,15
AAA,2013J,10064,546844,98,6
AAA,2013J,10064,546844,34,12
AAA,2013J,10064,546844,41,19
AAA,2013J,10064,546844,7,11
AAA,2013J,10064,546844,84,6
AAA,2013J,10064,546844,10,1
AAA,2013J,10064,546845,87,13
AAA,2013J,10064,546845,19,11
AAA,2013J,10064,546845,83,4
AAA,2013J,10064,546845,41,7
AAA,2013J,10064,546845,22,12
AAA,2013J,10064,546845,35,13
AAA,2013J,10064,546845,33,12
AAA,2013J,10064,546845,45,16
AAA,2013J,10064,546845,77,6
AAA,2013J,10064,546845,57,14
AAA,2013J,10064,546846,89,17
AAA,2013J,10064,546846,36,7
AAA,2013J,10064,546846,82,13
AAA,2013J,10064,546846,96,11
AAA,2013J,10064,546846,12,10
AAA,2013J,10064,546846,91,7
AAA,2013J,10064,546846,64,6
AAA,2013J,10064,546846,47,1
AAA,2013J,10064,546846,98,17
AAA,2013J,10064,546846,90,12
AAA,2013J,10065,546844,9,4
AAA,2013J,10065,546844,75,17
AAA,2013J,10065,546844,5,11
AAA,2013J,10065,546844,51,11
AAA,2013J,10065,546844,97,11
AAA,2013J,10065,546844,1,15
AAA,2013J,10065,546844,19,14
AAA,2013J,10065,546844,84,17
AAA,2013J,10065,546844,82,2
AAA,2013J,10065,546844,20,18
AAA,2013J,10065,546845,53,16
AAA,2013J,10065,546845,43,18
AAA,2013J,10065,546845,49,13
AAA,2013J,10065,546845,98,18
AAA,2013J,10065,546845,1,10
AAA,2013J,10065,546845,69,1
AAA,2013J,10065,546845,59,18
AAA,2013J,10065,546845,87,19
AAA,2013J,10065,546845,51,2
AAA,2013J,10065,546845,62,4
AAA,2013J,10065,546846,22,12
AAA,2013J,10065,546846,13,16
AAA,2013J,10065,546846,44,5
AAA,2013J,10065,546846,72,10
AAA,2013J,10065,546846,82,15
AAA,2013J,10065,546846,5,14
AAA,2013J,10065,546846,27,14
AAA,2013J,10065,546846,7,13
AAA,2013J,10065,546846,74,16
AAA,2013J,10065,546846,87,8
AAA,2013J,10066,546844,1,2
AAA,2013J,10066,546844,62,16
AAA,2013J,10066,546844,9,17
AAA,2013J,10066,546844,95,10
AAA,2013J,10066,546844,40,18
AAA,2013J,10066,546844,41,12
AAA,2013J,10066,546844,36,8
AAA,2013J,10066,546844,78,3
AAA,2013J,10066,546844,54,3
AAA,2013J,10066,546844,99,6
AAA,2013J,10066,546845,40,11
AAA,2013J,10066,546845,76,18
AAA,2013J,10066,546845,81,6
AAA,2013J,10066,546845,83,1
AAA,2013J,10066,546845,94,7
AAA,2013J,10066,546845,74,12
AAA,2013J,10066,546845,8,4
AAA,2013J,10066,546845,42,10
AAA,2013J,10066,546845,48,2
AAA,2013J,10066,546845,66,9
AAA,2013J,10066,546846,59,9
AAA,2013J,10066,546846,26,10
AAA,2013J,10066,546846,65,10
AAA,2013J,10066,546846,62,13
AAA,2013J,10066,546846,31,16
AAA,2013J,10066,546846,23,4
AAA,2013J,10066,546846,21,14
AAA,2013J,10066,546846,76,17
AAA,2013J,10066,546846,55,5
AAA,2013J,10066,546846,15,13
AAA,2013J,10067,546844,9,10
AAA,2013J,10067,546844,12,2
AAA,2013J,10067,546844,10,6
AAA,2013J,10067,546844,77,3
AAA,2013J,10067,546844,74,19
AAA,2013J,10067,546844,4,5
AAA,2013J,10067,546844,45,7
AAA,2013J,10067,546844,18,7
AAA,2013J,10067,546844,57,10
AAA,2013J,10067,546844,90,1
AAA,2013J,10067,546845,9,10
AAA,2013J,10067,546845,33,17
AAA,2013J,10067,546845,72,13
AAA,2013J,10067,546845,98,14
AAA,2013J,10067,546845,99,7
AAA,2013J,10067,546845,40,10
AAA,2013J,10067,546845,29,3
AAA,2013J,10067,546845,82,2
AAA,2013J,10067,546845,87,19
AAA,2013J,10067,546845,41,7
AAA,2013J,10067,546846,90,1
AAA,2013J,10067,546846,62,18
AAA,2013J,10067,546846,96,12
AAA,2013J,10067,546846,44,7
AAA,2013J,10067,546846,80,19
AAA,2013J,10067,546846,55,3
AAA,2013J,10067,546846,87,10
AAA,2013J,10067,546846,19,11
AAA,2013J,10067,546846,1,5
AAA,2013J,10067,546846,21,2
AAA,2013J,10068,546844,62,4
AAA,2013J,10068,546844,20,19
AAA,2013J,10068,546844,19,16
AAA,2013J,10068,546844,54,17
AAA,2013J,10068,546844,99,2
AAA,2013J,10068,546844,70,17
AAA,2013J,10068,546844,60,19
AAA,2013J,10068,546844,87,8
AAA,2013J,10068,546844,15,6
AAA,2013J,10068,546844,45,12
AAA,2013J,10068,546845,21,14
AAA,2013J,10068,546845,58,16
AAA,2013J,10068,546845,66,13
AAA,2013J,10068,546845,93,11
AAA,2013J,10068,546845,37,3
AAA,2013J,10068,546845,81,8
AAA,2013J,10068,546845,92,3
AAA,2013J,10068,546845,13,2
AAA,2013J,10068,546845,49,14
AAA,2013J,10068,546845,90,15
AAA,2013J,10068,546846,32,5
AAA,2013J,10068,546846,22,7
AAA,2013J,10068,546846,91,16
AAA,2013J,10068,546846,77,18
AAA,2013J,10068,546846,48,6
AAA,2013J,10068,546846,37,2
AAA,2013J,10068,546846,74,13
AAA,2013J,10068,546846,81,10
AAA,2013J,10068,546846,31,11
AAA,2013J,10068,546846,42,2
AAA,2013J,10069,546844,91,6
AAA,2013J,10069,546844,89,7
AAA,2013J,10069,546844,49,11
AAA,2013J,10069,546844,59,16
AAA,2013J,10069,546844,85,12
AAA,2013J,10069,546844,98,12
AAA,2013J,10069,546844,2,5
AAA,2013J,10069,546844,96,16
AAA,2013J,10069,546844,42,6
AAA,2013J,10069,546844,53,9
AAA,2013J,10069,546845,97,12
AAA,2013J,10069,546845,80,4
AAA,2013J,10069,546845,24,10
AAA,2013J,10069,546845,67,6
AAA,2013J,10069,546845,60,7
AAA,2013J,10069,546845,43,8
AAA,2013J,10069,546845,74,3
AAA,2013J,10069,546845,69,8
AAA,2013J,10069,546845,39,15
AAA,2013J,10069,546845,12,1
AAA,2013J,10069,546846,18,17
AAA,2013J,10069,546846,83,6
AAA,2013J,10069,546846,77,3
AAA,2013J,10069,546846,24,18
AAA,2013J,10069,546846,55,5
AAA,2013J,10069,546846,81,13
AAA,2013J,10069,546846,88,1
AAA,2013J,10069,546846,40,17
AAA,2013J,10069,546846,75,3
AAA,2013J,10069,546846,34,19
AAA,2013J,10070,546844,89,4
AAA,2013J,10070,546844,31,14
AAA,2013J,10070,546844,24,14
AAA,2013J,10070,546844,38,14
AAA,2013J,10070,546844,96,14
AAA,2013J,10070,546844,37,18
AAA,2013J,10070,546844,10,15
AAA,2013J,10070,546844,1,19
AAA,2013J,10070,546844,60,13
AAA,2013J,10070,546844,9,12
AAA,2013J,10070,546845,26,19
AAA,2013J,10070,546845,4,1
AAA,2013J,10070,546845,60,16
AAA,2013J,10070,546845,49,15
AAA,2013J,10070,546845,78,5
AAA,2013J,10070,546845,98,3
AAA,2013J,10070,546845,88,17
AAA,2013J,10070,546845,38,10
AAA,2013J,10070,546845,90,5
AAA,2013J,10070,546845,51,11
AAA,2013J,10070,546846,95,11
AAA,2013J,10070,546846,59,12
AAA,2013J,10070,546846,79,2
AAA,2013J,10070,546846,28,19
AAA,2013J,10070,546846,45,5
AAA,2013J,10070,546846,42,11
AAA,2013J,10070,546846,22,19
AAA,2013J,10070,546846,6,7
AAA,2013J,10070,546846,74,6
AAA,2013J,10070,546846,18,11
AAA,2013J,10071,546844,7,15
AAA,2013J,10071,546844,70,4
AAA,2013J,10071,546844,39,15
AAA,2013J,10071,546844,63,13
AAA,2013J,10071,546844,66,18
AAA,2013J,10071,546844,11,5
AAA,2013J,10071,546844,45,18
AAA,2013J,10071,546844,32,8
AAA,2013J,10071,546844,26,1
AAA,2013J,10071,546844,69,19
AAA,2013J,10071,546845,11,9
AAA,2013J,10071,546845,44,16
AAA,2013J,10071,546845,88,7
AAA,2013J,10071,546845,47,14
AAA,2013J,10071,546845,10,6
AAA,2013J,10071,546845,71,1
AAA,2013J,10071,546845,92,18
AAA,2013J,10071,546845,76,12
AAA,2013J,10071,546845,84,15
AAA,2013J,10071,546845,68,1
AAA,2013J,10071,546846,25,5
AAA,2013J,10071,546846,44,6
AAA,2013J,10071,546846,66,13
AAA,2013J,10071,546846,20,11
AAA,2013J,10071,546846,49,8
AAA,2013J,10071,546846,16,2
AAA,2013J,10071,546846,14,15
AAA,2013J,10071,546846,46,10
AAA,2013J,10071,546846,5,8
AAA,2013J,10071,546846,65,2
AAA,2013J,10072,546844,98,9
AAA,2013J,10072,546844,50,14
AAA,2013J,10072,546844,13,13
AAA,2013J,10072,546844,9,11
AAA,2013J,10072,546844,93,12
AAA,2013J,10072,546844,84,3
AAA,2013J,10072,546844,64,1
AAA,2013J,10072,546844,48,8
AAA,2013J,10072,546844,65,19
AAA,2013J,10072,546844,47,13
AAA,2013J,10072,546845,8,19
AAA,2013J,10072,546845,65,17
AAA,2013J,10072,546845,35,9
AAA,2013J,10072,546845,49,18
AAA,2013J,10072,546845,56,2
AAA,2013J,10072,546845,10,11
AAA,2013J,10072,546845,74,17
AAA,2013J,10072,546845,15,18
AAA,2013J,10072,546845,83,15
AAA,2013J,10072,546845,29,7
AAA,2013J,10072,546846,60,3
AAA,2013J,10072,546846,95,4
AAA,2013J,10072,546846,24,7
AAA,2013J,10072,546846,43,4
AAA,2013J,10072,546846,42,9
AAA,2013J,10072,546846,10,17
AAA,2013J,10072,546846,33,17
AAA,2013J,10072,546846,92,14
AAA,2013J,10072,546846,61,14
AAA,2013J,10072,546846,6,13
AAA,2013J,10073,546844,40,18
AAA,2013J,10073,546844,87,5
AAA,2013J,10073,546844,66,11
AAA,2013J,10073,546844,73,2
AAA,2013J,10073,546844,93,17
AAA,2013J,10073,546844,71,4
AAA,2013J,10073,546844,89,18
AAA,2013J,10073,546844,74,8
AAA,2013J,10073,546844,27,19
AAA,2013J,10073,546844,5,12
AAA,2013J,10073,546845,63,7
AAA,2013J,10073,546845,94,3
AAA,2013J,10073,546845,85,2
AAA,2013J,10073,546845,28,18
AAA,2013J,10073,546845,13,11
AAA,2013J,10073,546845,75,1
AAA,2013J,10073,546845,19,16
AAA,2013J,10073,546845,21,17
AAA,2013J,10073,546845,25,16
AAA,2013J,10073,546845,5,10
AAA,2013J,10073,546846,80,3
AAA,2013J,10073,546846,49,5
AAA,2013J,10073,546846,74,10
AAA,2013J,10073,546846,15,6
AAA,2013J,10073,546846,59,3
AAA,2013J,10073,546846,43,17
AAA,2013J,10073,546846,1,10
AAA,2013J,10073,546846,36,12
AAA,2013J,10073,546846,40,1
AAA,2013J,10073,546846,42,18
AAA,2013J,10074,546844,9,12
AAA,2013J,10074,546844,23,16
AAA,2013J,10074,546844,28,1
AAA,2013J,10074,546844,55,8
AAA,2013J,10074,546844,24,1
AAA,2013J,10074,546844,92,19
AAA,2013J,10074,546844,74,4
AAA,2013J,10074,546844,1,14
AAA,2013J,10074,546844,96,14
AAA,2013J,10074,546844,67,9
AAA,2013J,10074,546845,92,10
AAA,2013J,10074,546845,58,15
AAA,2013J,10074,546845,69,6
AAA,2013J,10074,546845,55,9
AAA,2013J,10074,546845,5,10
AAA,2013J,10074,546845,77,17
AAA,2013J,10074,546845,47,1
AAA,2013J,10074,546845,98,14
AAA,2013J,10074,546845,66,4
AAA,2013J,10074,546845,82,2
AAA,2013J,10074,546846,12,15
AAA,2013J,10074,546846,88,3
AAA,2013J,10074,546846,68,8
AAA,2013J,10074,546846,27,19
AAA,2013J,10074,546846,56,6
AAA,2013J,10074,546846,24,18
AAA,2013J,10074,546846,73,11
AAA,2013J,10074,546846,40,12
AAA,2013J,10074,546846,17,2
AAA,2013J,10074,546846,94,5
AAA,2013J,10075,546844,79,18
AAA,2013J,10075,546844,74,1
AAA,2013J,10075,546844,30,7
AAA,2013J,10075,546844,61,17
AAA,2013J,10075,546844,98,3
AAA,2013J,10075,546844,8,10
AAA,2013J,10075,546844,9,7
AAA,2013J,10075,546844,82,12
AAA,2013J,10075,546844,93,15
AAA,2013J,10075,546844,89,16
AAA,2013J,10075,546845,35,19
AAA,2013J,10075,546845,29,12
AAA,2013J,10075,546845,41,5
AAA,2013J,10075,546845,86,16
AAA,2013J,10075,546845,33,13
AAA,2013J,10075,546845,23,6
AAA,2013J,10075,546845,53,16
AAA,2013J,10075,546845,57,18
AAA,2013J,10075,546845,3,17
AAA,2013J,10075,546845,40,12
AAA,2013J,10075,546846,9,12
AAA,2013J,10075,546846,1,7
AAA,2013J,10075,546846,87,3
AAA,2013J,10075,546846,80,7
AAA,2013J,10075,546846,77,12
AAA,2013J,10075,546846,25,15
AAA,2013J,10075,546846,74,19
AAA,2013J,10075,546846,91,6
AAA,2013J,10075,546846,35,8
AAA,2013J,10075,546846,39,6
AAA,2013J,10076,546844,94,11
AAA,2013J,10076,546844,97,4
AAA,2013J,10076,546844,73,6
AAA,2013J,10076,546844,21,7
AAA,2013J,10076,546844,93,17
AAA,2013J,10076,546844,26,8
AAA,2013J,10076,546844,91,1
AAA,2013J,10076,546844,67,15
AAA,2013J,10076,546844,89,12
AAA,2013J,10076,546844,8,15
AAA,2013J,10076,546845,56,5
AAA,2013J,10076,546845,70,4
AAA,2013J,10076,546845,97,15
AAA,2013J,10076,546845,11,13
AAA,2013J,10076,546845,91,17
AAA,2013J,10076,546845,4,1
AAA,2013J,10076,546845,92,18
AAA,2013J,10076,546845,44,15
AAA,2013J,10076,546845,36,14
AAA,2013J,10076,546845,23,9
AAA,2013J,10076,546846,15,9
AAA,2013J,10076,546846,45,13
AAA,2013J,10076,546846,88,1
AAA,2013J,10076,546846,74,15
AAA,2013J,10076,546846,26,15
AAA,2013J,10076,546846,96,11
AAA,2013J,10076,546846,86,10
AAA,2013J,10076,546846,6,7
AAA,2013J,10076,546846,73,1
AAA,2013J,10076,546846,20,7
AAA,2013J,10077,546844,30,10
AAA,2013J,10077,546844,58,9
AAA,2013J,10077,546844,17,2
AAA,2013J,10077,546844,19,8
AAA,2013J,10077,546844,20,1
AAA,2013J,10077,546844,62,2
AAA,2013J,10077,546844,22,7
AAA,2013J,10077,546844,24,16
AAA,2013J,10077,546844,98,4
AAA,2013J,10077,546844,12,17
AAA,2013J,10077,546845,83,15
AAA,2013J,10077,546845,80,14
AAA,2013J,10077,546845,81,12
AAA,2013J,10077,546845,89,2
AAA,2013J,10077,546845,85,8
AAA,2013J,10077,546845,59,19
AAA,2013J,10077,546845,50,14
AAA,2013J,10077,546845,67,5
AAA,2013J,10077,546845,17,9
AAA,2013J,10077,546845,90,13
AAA,2013J,10077,546846,79,8
AAA,2013J,10077,546846,18,16
AAA,2013J,10077,546846,78,16
AAA,2013J,10077,546846,23,12
AAA,2013J,10077,546846,10,5
AAA,2013J,10077,546846,55,6
AAA,2013J,10077,546846,85,6
AAA,2013J,10077,546846,22,8
AAA,2013J,10077,546846,61,17
AAA,2013J,10077,546846,52,12
AAA,2013J,10078,546844,2,17
AAA,2013J,10078,546844,96,13
AAA,2013J,10078,546844,57,15
AAA,2013J,10078,546844,92,8
AAA,2013J,10078,546844,8,8
AAA,2013J,10078,546844,71,2
AAA,2013J,10078,546844,29,10
AAA,2013J,10078,546844,77,5
AAA,2013J,10078,546844,44,16
AAA,2013J,10078,546844,83,19
AAA,2013J,10078,546845,20,19
AAA,2013J,10078,546845,36,3
AAA,2013J,10078,546845,95,18
AAA,2013J,10078,546845,51,6
AAA,2013J,10078,546845,10,6
AAA,2013J,10078,546845,24,5
AAA,2013J,10078,546845,13,1
AAA,2013J,10078,546845,80,8
AAA,2013J,10078,546845,60,1
AAA,2013J,10078,546845,70,6
AAA,2013J,10078,546846,72,11
AAA,2013J,10078,546846,21,18
AAA,2013J,10078,546846,38,3
AAA,2013J,10078,546846,30,13
AAA,2013J,10078,546846,85,14
AAA,2013J,10078,546846,34,4
AAA,2013J,10078,546846,32,18
AAA,2013J,10078,546846,95,5
AAA,2013J,10078,546846,48,14
AAA,2013J,10078,546846,20,12
AAA,2013J,10079,546844,93,5
AAA,2013J,10079,546844,59,8
AAA,2013J,10079,546844,49,5
AAA,2013J,10079,546844,41,12
AAA,2013J,10079,546844,69,4
AAA,2013J,10079,546844,60,19
AAA,2013J,10079,546844,22,18
AAA,2013J,10079,546844,33,3
AAA,2013J,10079,546844,82,7
AAA,2013J,10079,546844,54,8
AAA,2013J,10079,546845,89,1
AAA,2013J,10079,546845,39,15
AAA,2013J,10079,546845,30,18
AAA,2013J,10079,546845,60,9
AAA,2013J,10079,546845,62,8
AAA,2013J,10079,546845,5,7
AAA,2013J,10079,546845,88,9
AAA,2013J,10079,546845,71,9
AAA,2013J,10079,546845,64,11
AAA,2013J,10079,546845,56,4
AAA,2013J,10079,546846,89,15
AAA,2013J,10079,546846,54,3
AAA,2013J,10079,546846,41,7
AAA,2013J,10079,546846,70,8
AAA,2013J,10079,546846,88,11
AAA,2013J,10079,546846,94,10
AAA,2013J,10079,546846,24,9
AAA,2013J,10079,546846,50,15
AAA,2013J,10079,546846,45,5
AAA,2013J,10079,546846,58,15
AAA,2013J,10080,546844,37,2
AAA,2013J,10080,546844,78,18
AAA,2013J,10080,546844,17,10
AAA,2013J,10080,546844,6,1
AAA,2013J,10080,546844,53,14
AAA,2013J,10080,546844,4,19
AAA,2013J,10080,546844,76,16
AAA,2013J,10080,546844,75,19
AAA,2013J,10080,546844,20,6
AAA,2013J,10080,546844,24,12
AAA,2013J,10080,546845,35,19
AAA,2013J,10080,546845,16,1
AAA,2013J,10080,546845,1,9
AAA,2013J,10080,546845,33,14
AAA,2013J,10080,546845,17,11
AAA,2013J,10080,546845,81,2
AAA,2013J,10080,546845,50,5
AAA,2013J,10080,546845,89,15
AAA,2013J,10080,546845,39,12
AAA,2013J,10080,546845,86,14
AAA,2013J,10080,546846,51,1
AAA,2013J,10080,546846,36,18
AAA,2013J,10080,546846,81,4
AAA,2013J,10080,546846,57,6
AAA,2013J,10080,546846,73,17
AAA,2013J,10080,546846,90,18
AAA,2013J,10080,546846,86,6
AAA,2013J,10080,546846,82,2
AAA,2013J,10080,546846,96,12
AAA,2013J,10080,546846,66,12
AAA,2013J,10081,546844,9,19
AAA,2013J,10081,546844,41,9
AAA,2013J,10081,546844,7,10
AAA,2013J,10081,546844,95,19
AAA,2013J,10081,546844,78,5
AAA,2013J,10081,546844,72,14
AAA,2013J,10081,546844,71,10
AAA,2013J,10081,546844,49,16
AAA,2013J,10081,546844,63,6
AAA,2013J,10081,546844,48,8
AAA,2013J,10081,546845,76,18
AAA,2013J,10081,546845,3,4
AAA,2013J,10081,546845,1,2
AAA,2013J,10081,546845,27,6
AAA,2013J,10081,546845,52,11
AAA,2013J,10081,546845,81,1
AAA,2013J,10081,546845,45,15
AAA,2013J,10081,546845,78,12
AAA,2013J,10081,546845,30,18
AAA,2013J,10081,546845,25,5
AAA,2013J,10081,546846,76,18
AAA,2013J,10081,546846,49,19
AAA,2013J,10081,546846,73,2
AAA,2013J,10081,546846,65,17
AAA,2013J,10081,546846,47,1
AAA,2013J,10081,546846,37,9
AAA,2013J,10081,546846,6,13
AAA,2013J,10081,546846,71,4
AAA,2013J,10081,546846,93,5
AAA,2013J,10081,546846,87,18
AAA,2013J,10082,546844,74,4
AAA,2013J,10082,546844,86,13
AAA,2013J,10082,546844,56,1
AAA,2013J,10082,546844,18,18
AAA,2013J,10082,546844,3,4
AAA,2013J,10082,546844,64,4
AAA,2013J,10082,546844,71,8
AAA,2013J,10082,546844,20,6
AAA,2013J,10082,546844,78,4
AAA,2013J,10082,546844,2,4
AAA,2013J,10082,546845,16,15
AAA,2013J,10082,546845,63,3
AAA,2013J,10082,546845,56,2
AAA,2013J,10082,546845,53,5
AAA,2013J,10082,546845,58,1
AAA,2013J,10082,546845,27,11
AAA,2013J,10082,546845,21,12
AAA,2013J,10082,546845,12,3
AAA,2013J,10082,546845,84,16
AAA,2013J,10082,546845,11,14
AAA,2013J,10082,546846,99,6
AAA,2013J,10082,546846,91,18
AAA,2013J,10082,546846,3,13
AAA,2013J,10082,546846,41,4
AAA,2013J,10082,546846,23,12
AAA,2013J,10082,546846,26,9
AAA,2013J,10082,546846,47,2
AAA,2013J,10082,546846,71,16
AAA,2013J,10082,546846,50,1
AAA,2013J,10082,546846,60,4
AAA,2013J,10083,546844,20,14
AAA,2013J,10083,546844,15,12
AAA,2013J,10083,546844,72,4
AAA,2013J,10083,546844,2,7
AAA,2013J,10083,546844,89,11
AAA,2013J,10083,546844,64,2
AAA,2013J,10083,546844,6,4
AAA,2013J,10083,546844,40,7
AAA,2013J,10083,546844,18,1
AAA,2013J,10083,546844,8,15
AAA,2013J,10083,546845,97,4
AAA,2013J,10083,546845,76,13
AAA,2013J,10083,546845,13,16
AAA,2013J,10083,546845,58,5
AAA,2013J,10083,546845,18,10
AAA,2013J,10083,546845,42,17
AAA,2013J,10083,546845,60,11
AAA,2013J,10083,546845,68,5
AAA,2013J,10083,546845,43,15
AAA,2013J,10083,546845,25,4
AAA,2013J,10083,546846,53,5
AAA,2013J,10083,546846,50,16
AAA,2013J,10083,546846,3,8
AAA,2013J,10083,546846,18,16
AAA,2013J,10083,546846,78,4
AAA,2013J,10083,546846,34,6
AAA,2013J,10083,546846,93,8
AAA,2013J,10083,546846,48,9
AAA,2013J,10083,546846,44,13
AAA,2013J,10083,546846,33,17
AAA,2013J,10084,546844,39,9
AAA,2013J,10084,546844,30,8
AAA,2013J,10084,546844,16,12
AAA,2013J,10084,546844,56,15
AAA,2013J,10084,546844,95,7
AAA,2013J,10084,546844,25,16
AAA,2013J,10084,546844,14,7
AAA,2013J,10084,546844,93,12
AAA,2013J,10084,546844,34,17
AAA,2013J,10084,546844,84,11
AAA,2013J,10084,546845,5,8
AAA,2013J,10084,546845,10,17
AAA,2013J,10084,546845,20,9
AAA,2013J,10084,546845,79,13
AAA,2013J,10084,546845,60,14
AAA,2013J,10084,546845,32,5
AAA,2013J,10084,546845,37,9
AAA,2013J,10084,546845,53,16
AAA,2013J,10084,546845,80,19
AAA,2013J,10084,546845,40,7
AAA,2013J,10084,546846,1,17
AAA,2013J,10084,546846,7,11
AAA,2013J,10084,546846,25,13
AAA,2013J,10084,546846,54,11
AAA,2013J,10084,546846,51,4
AAA,2013J,10084,546846,32,14
AAA,2013J,10084,546846,38,5
AAA,2013J,10084,546846,10,4
AAA,2013J,10084,546846,31,1
AAA,2013J,10084,546846,27,14
AAA,2013J,10085,546844,75,4
AAA,2013J,10085,546844,43,7
AAA,2013J,10085,546844,45,6
AAA,2013J,10085,546844,49,15
AAA,2013J,10085,546844,68,6
AAA,2013J,10085,546844,1,7
AAA,2013J,10085,546844,19,3
AAA,2013J,10085,546844,35,13
AAA,2013J,10085,546844,96,2
AAA,2013J,10085,546844,22,3
AAA,2013J,10085,546845,95,10
AAA,2013J,10085,546845,91,4
AAA,2013J,10085,546845,84,9
AAA,2013J,10085,546845,86,11
AAA,2013J,10085,546845,51,12
AAA,2013J,10085,546845,60,12
AAA,2013J,10085,546845,50,18
AAA,2013J,10085,546845,19,4
AAA,2013J,10085,546845,62,9
AAA,2013J,10085,546845,12,8
AAA,2013J,10085,546846,50,3
AAA,2013J,10085,546846,74,16
AAA,2013J,10085,546846,87,8
AAA,2013J,10085,546846,13,7
AAA,2013J,10085,546846,41,17
AAA,2013J,10085,546846,68,16
AAA,2013J,10085,546846,66,18
AAA,2013J,10085,546846,84,16
AAA,2013J,10085,546846,14,15
AAA,2013J,10085,546846,25,2
AAA,2013J,10086,546844,76,14
AAA,2013J,10086,546844,53,3
AAA,2013J,10086,546844,31,15
AAA,2013J,10086,546844,64,10
AAA,2013J,10086,546844,35,10
AAA,2013J,10086,546844,1,3
AAA,2013J,10086,546844,74,6
AAA,2013J,10086,546844,8,5
AAA,2013J,10086,546844,55,19
AAA,2013J,10086,546844,94,14
AAA,2013J,10086,546845,79,18
AAA,2013J,10086,546845,18,8
AAA,2013J,10086,546845,59,11
AAA,2013J,10086,546845,68,10
AAA,2013J,10086,546845,69,4
AAA,2013J,10086,546845,77,4
AAA,2013J,10086,546845,3,4
AAA,2013J,10086,546845,40,12
AAA,2013J,10086,546845,21,8
AAA,2013J,10086,546845,57,13
AAA,2013J,10086,546846,34,13
AAA,2013J,10086,546846,32,13
AAA,2013J,10086,546846,13,9
AAA,2013J,10086,546846,49,18
AAA,2013J,10086,546846,59,1
AAA,2013J,10086,546846,30,6
AAA,2013J,10086,546846,69,5
AAA,2013J,10086,546846,70,4
AAA,2013J,10086,546846,58,6
AAA,2013J,10086,546846,50,3
AAA,2013J,10087,546844,65,5
AAA,2013J,10087,546844,80,13
AAA,2013J,10087,546844,73,7
AAA,2013J,10087,546844,14,12
AAA,2013J,10087,546844,38,4
AAA,2013J,10087,546844,33,5
AAA,2013J,10087,546844,8,16
AAA,2013J,10087,546844,5,4
AAA,2013J,10087,546844,71,8
AAA,2013J,10087,546844,41,16
AAA,2013J,10087,546845,80,17
AAA,2013J,10087,546845,99,17
AAA,2013J,10087,546845,87,19
AAA,2013J,10087,546845,63,10
AAA,2013J,10087,546845,85,2
AAA,2013J,10087,546845,19,14
AAA,2013J,10087,546845,84,3
AAA,2013J,10087,546845,22,7
AAA,2013J,10087,546845,71,11
AAA,2013J,10087,546845,33,17
AAA,2013J,10087,546846,8,2
AAA,2013J,10087,546846,81,19
AAA,2013J,10087,546846,4,19
AAA,2013J,10087,546846,44,4
AAA,2013J,10087,546846,57,5
AAA,2013J,10087,546846,72,7
AAA,2013J,10087,546846,64,4
AAA,2013J,10087,546846,59,11
AAA,2013J,10087,546846,53,3
AAA,2013J,10087,546846,80,5
AAA,2013J,10088,546844,46,4
AAA,2013J,10088,546844,56,19
AAA,2013J,10088,546844,27,10
AAA,2013J,10088,546844,52,17
AAA,2013J,10088,546844,87,12
AAA,2013J,10088,546844,51,1
AAA,2013J,10088,546844,85,11
AAA,2013J,10088,546844,67,13
AAA,2013J,10088,546844,81,1
AAA,2013J,10088,546844,66,1
AAA,2013J,10088,546845,82,7
AAA,2013J,10088,546845,12,10
AAA,2013J,10088,546845,22,3
AAA,2013J,10088,546845,45,2
AAA,2013J,10088,546845,88,7
AAA,2013J,10088,546845,31,9
AAA,2013J,10088,546845,72,12
AAA,2013J,10088,546845,97,10
AAA,2013J,10088,546845,53,19
AAA,2013J,10088,546845,51,13
AAA,2013J,10088,546846,14,4
AAA,2013J,10088,546846,18,1
AAA,2013J,10088,546846,34,17
AAA,2013J,10088,546846,80,1
AAA,2013J,10088,546846,53,16
AAA,2013J,10088,546846,49,13
AAA,2013J,10088,546846,27,18
AAA,2013J,10088,546846,43,10
AAA,2013J,10088,546846,39,18
AAA,2013J,10088,546846,56,17
AAA,2013J,10089,546844,59,5
AAA,2013J,10089,546844,10,8
AAA,2013J,10089,546844,86,1
AAA,2013J,10089,546844,23,7
AAA,2013J,10089,546844,51,11
AAA,2013J,10089,546844,50,13
AAA,2013J,10089,546844,36,13
AAA,2013J,10089,546844,60,7
AAA,2013J,10089,546844,7,11
AAA,2013J,10089,546844,31,18
AAA,2013J,10089,546845,12,17
AAA,2013J,10089,546845,28,15
AAA,2013J,10089,546845,29,5
AAA,2013J,10089,546845,34,16
AAA,2013J,10089,546845,3,12
AAA,2013J,10089,546845,76,19
AAA,2013J,10089,546845,98,14
AAA,2013J,10089,546845,2,3
AAA,2013J,10089,546845,91,19
AAA,2013J,10089,546845,8,1
AAA,2013J,10089,546846,23,19
AAA,2013J,10089,546846,71,6
AAA,2013J,10089,546846,73,5
AAA,2013J,10089,546846,64,8
AAA,2013J,10089,546846,55,18
AAA,2013J,10089,546846,57,15
AAA,2013J,10089,546846,50,3
AAA,2013J,10089,546846,97,14
AAA,2013J,10089,546846,86,15
AAA,2013J,10089,546846,93,13
AAA,2013J,10090,546844,80,9
AAA,2013J,10090,546844,34,12
AAA,2013J,10090,546844,35,19
AAA,2013J,10090,546844,39,15
AAA,2013J,10090,546844,40,18
AAA,2013J,10090,546844,96,8
AAA,2013J,10090,546844,64,6
AAA,2013J,10090,546844,36,6
AAA,2013J,10090,546844,79,3
AAA,2013J,10090,546844,6,3
AAA,2013J,10090,546845,65,7
AAA,2013J,10090,546845,87,11
AAA,2013J,10090,546845,23,10
AAA,2013J,10090,546845,59,3
AAA,2013J,10090,546845,86,8
AAA,2013J,10090,546845,7,1
AAA,2013J,10090,546845,93,8
AAA,2013J,10090,546845,52,11
AAA,2013J,10090,546845,62,7
AAA,2013J,10090,546845,6,16
AAA,2013J,10090,546846,61,4
AAA,2013J,10090,546846,55,11
AAA,2013J,10090,546846,22,4
AAA,2013J,10090,546846,48,12
AAA,2013J,10090,546846,94,10
AAA,2013J,10090,546846,93,14
AAA,2013J,10090,546846,82,18
AAA,2013J,10090,546846,59,6
AAA,2013J,10090,546846,20,5
AAA,2013J,10090,546846,52,2
AAA,2013J,10091,546844,48,8
AAA,2013J,10091,546844,60,3
AAA,2013J,10091,546844,54,17
AAA,2013J,10091,546844,36,8
AAA,2013J,10091,546844,33,11
AAA,2013J,10091,546844,7,18
AAA,2013J,10091,546844,75,16
AAA,2013J,10091,546844,34,13
AAA,2013J,10091,546844,52,9
AAA,2013J,10091,546844,44,19
AAA,2013J,10091,546845,31,18
AAA,2013J,10091,546845,25,2
AAA,2013J,10091,546845,97,6
AAA,2013J,10091,546845,73,3
AAA,2013J,10091,546845,36,19
AAA,2013J,10091,546845,45,13
AAA,2013J,10091,546845,86,17
AAA,2013J,10091,546845,47,14
AAA,2013J,10091,546845,7,11
AAA,2013J,10091,546845,26,16
AAA,2013J,10091,546846,87,12
AAA,2013J,10091,546846,51,10
AAA,2013J,10091,546846,89,19
AAA,2013J,10091,546846,76,16
AAA,2013J,10091,546846,60,6
AAA,2013J,10091,546846,14,11
AAA,2013J,10091,546846,98,19
AAA,2013J,10091,546846,84,19
AAA,2013J,10091,546846,40,18
AAA,2013J,10091,546846,85,15
AAA,2013J,10092,546844,3,3
AAA,2013J,10092,546844,17,9
AAA,2013J,10092,546844,25,9
AAA,2013J,10092,546844,44,4
AAA,2013J,10092,546844,24,7
AAA,2013J,10092,546844,18,7
AAA,2013J,10092,546844,31,8
AAA,2013J,10092,546844,7,1
AAA,2013J,10092,546844,95,9
AAA,2013J,10092,546844,30,12
AAA,2013J,10092,546845,96,5
AAA,2013J,10092,546845,32,18
AAA,2013J,10092,546845,29,14
AAA,2013J,10092,546845,93,2
AAA,2013J,10092,546845,73,15
AAA,2013J,10092,546845,14,8
AAA,2013J,10092,546845,76,16
AAA,2013J,10092,546845,8,3
AAA,2013J,10092,546845,36,5
AAA,2013J,10092,546845,25,4
AAA,2013J,10092,546846,47,4
AAA,2013J,10092,546846,30,2
AAA,2013J,10092,546846,25,19
AAA,2013J,10092,546846,14,10
AAA,2013J,10092,546846,50,17
AAA,2013J,10092,546846,48,3
AAA,2013J,10092,546846,71,19
AAA,2013J,10092,546846,22,19
AAA,2013J,10092,546846,82,19
AAA,2013J,10092,546846,16,19
AAA,2013J,10093,546844,82,4
AAA,2013J,10093,546844,7,15
AAA,2013J,10093,546844,83,1
AAA,2013J,10093,546844,72,7
AAA,2013J,10093,546844,32,10
AAA,2013J,10093,546844,84,7
AAA,2013J,10093,546844,65,1
AAA,2013J,10093,546844,73,17
AAA,2013J,10093,546844,88,12
AAA,2013J,10093,546844,57,17
AAA,2013J,10093,546845,99,6
AAA,2013J,10093,546845,10,16
AAA,2013J,10093,546845,80,6
AAA,2013J,10093,546845,67,13
AAA,2013J,10093,546845,89,4
AAA,2013J,10093,546845,5,15
AAA,2013J,10093,546845,64,6
AAA,2013J,10093,546845,92,1
AAA,2013J,10093,546845,14,9
AAA,2013J,10093,546845,22,12
AAA,2013J,10093,546846,8,3
AAA,2013J,10093,546846,65,7
AAA,2013J,10093,546846,72,9
AAA,2013J,10093,546846,52,8
AAA,2013J,10093,546846,76,3
AAA,2013J,10093,546846,69,5
AAA,2013J,10093,546846,15,13
AAA,2013J,10093,546846,63,13
AAA,2013J,10093,546846,74,8
AAA,2013J,10093,546846,91,18
AAA,2013J,10094,546844,55,17
AAA,2013J,10094,546844,61,6
AAA,2013J,10094,546844,84,16
AAA,2013J,10094,546844,63,5
AAA,2013J,10094,546844,71,14
AAA,2013J,10094,546844,26,2
AAA,2013J,10094,546844,32,17
AAA,2013J,10094,546844,54,6
AAA,2013J,10094,546844,86,11
AAA,2013J,10094,546844,31,2
AAA,2013J,10094,546845,14,18
AAA,2013J,10094,546845,55,13
AAA,2013J,10094,546845,84,14
AAA,2013J,10094,546845,65,15
AAA,2013J,10094,546845,13,6
AAA,2013J,10094,546845,7,1
AAA,2013J,10094,546845,94,7
AAA,2013J,10094,546845,98,1
AAA,2013J,10094,546845,97,15
AAA,2013J,10094,546845,87,6
AAA,2013J,10094,546846,20,15
AAA,2013J,10094,546846,10,12
AAA,2013J,10094,546846,56,17
AAA,2013J,10094,546846,71,12
AAA,2013J,10094,546846,6,16
AAA,2013J,10094,546846,89,13
AAA,2013J,10094,546846,80,11
AAA,2013J,10094,546846,45,15
AAA,2013J,10094,546846,77,16
AAA,2013J,10094,546846,66,6
AAA,2013J,10095,546844,59,9
AAA,2013J,10095,546844,21,4
AAA,2013J,10095,546844,39,17
AAA,2013J,10095,546844,70,6
AAA,2013J,10095,546844,2,16
AAA,2013J,10095,546844,52,18
AAA,2013J,10095,546844,27,13
AAA,2013J,10095,546844,85,7
AAA,2013J,10095,546844,34,3
AAA,2013J,10095,546844,16,6
AAA,2013J,10095,546845,33,9
AAA,2013J,10095,546845,77,8
AAA,2013J,10095,546845,85,7
AAA,2013J,10095,546845,1,5
AAA,2013J,10095,546845,21,19
AAA,2013J,10095,546845,18,3
AAA,2013J,10095,546845,52,13
AAA,2013J,10095,546845,63,6
AAA,2013J,10095,546845,53,11
AAA,2013J,10095,546845,49,4
AAA,2013J,10095,546846,89,15
AAA,2013J,10095,546846,82,13
AAA,2013J,10095,546846,14,19
AAA,2013J,10095,546846,70,9
AAA,2013J,10095,546846,54,4
AAA,2013J,10095,546846,59,8
AAA,2013J,10095,546846,2,15
AAA,2013J,10095,546846,22,14
AAA,2013J,10095,546846,65,3
AAA,2013J,10095,546846,81,17
AAA,2013J,10096,546844,62,11
AAA,2013J,10096,546844,12,8
AAA,2013J,10096,546844,67,14
AAA,2013J,10096,546844,91,14
AAA,2013J,10096,546844,69,16
AAA,2013J,10096,546844,52,14
AAA,2013J,10096,546844,19,1
AAA,2013J,10096,546844,20,2
AAA,2013J,10096,546844,6,1
AAA,2013J,10096,546844,61,11
AAA,2013J,10096,546845,13,17
AAA,2013J,10096,546845,90,11
AAA,2013J,10096,546845,17,1
AAA,2013J,10096,546845,78,19
AAA,2013J,10096,546845,75,8
AAA,2013J,10096,546845,41,11
AAA,2013J,10096,546845,53,8
AAA,2013J,10096,546845,20,17
AAA,2013J,10096,546845,88,6
AAA,2013J,10096,546845,19,7
AAA,2013J,10096,546846,17,10
AAA,2013J,10096,546846,51,15
AAA,2013J,10096,546846,28,18
AAA,2013J,10096,546846,49,14
AAA,2013J,10096,546846,70,6
AAA,2013J,10096,546846,95,14
AAA,2013J,10096,546846,99,16
AAA,2013J,10096,546846,79,2
AAA,2013J,10096,546846,56,19
AAA,2013J,10096,546846,92,5
AAA,2013J,10097,546844,38,7
AAA,2013J,10097,546844,36,15
AAA,2013J,10097,546844,7,15
AAA,2013J,10097,546844,13,10
AAA,2013J,10097,546844,28,3
AAA,2013J,10097,546844,29,6
AAA,2013J,10097,546844,73,18
AAA,2013J,10097,546844,79,5
AAA,2013J,10097,546844,35,16
AAA,2013J,10097,546844,20,13
AAA,2013J,10097,546845,14,14
AAA,2013J,10097,546845,38,18
AAA,2013J,10097,546845,87,14
AAA,2013J,10097,546845,21,15
AAA,2013J,10097,546845,75,14
AAA,2013J,10097,546845,37,5
AAA,2013J,10097,546845,53,16
AAA,2013J,10097,546845,95,5
AAA,2013J,10097,546845,71,13
AAA,2013J,10097,546845,52,16
AAA,2013J,10097,546846,95,3
AAA,2013J,10097,546846,78,13
AAA,2013J,10097,546846,1,6
AAA,2013J,10097,546846,99,6
AAA,2013J,10097,546846,13,19
AAA,2013J,10097,546846,54,7
AAA,2013J,10097,546846,24,4
AAA,2013J,10097,546846,81,5
AAA,2013J,10097,546846,7,1
AAA,2013J,10097,546846,87,18
AAA,2013J,10098,546844,80,3
AAA,2013J,10098,546844,5,1
AAA,2013J,10098,546844,51,19
AAA,2013J,10098,546844,28,2
AAA,2013J,10098,546844,13,6
AAA,2013J,10098,546844,66,11
AAA,2013J,10098,546844,64,4
AAA,2013J,10098,546844,40,1
AAA,2013J,10098,546844,22,11
AAA,2013J,10098,546844,57,16
AAA,2013J,10098,546845,95,12
AAA,2013J,10098,546845,38,19
AAA,2013J,10098,546845,28,12
AAA,2013J,10098,546845,59,2
AAA,2013J,10098,546845,76,8
AAA,2013J,10098,546845,27,13
AAA,2013J,10098,546845,98,1
AAA,2013J,10098,546845,80,3
AAA,2013J,10098,546845,64,2
AAA,2013J,10098,546845,78,8
AAA,2013J,10098,546846,52,9
AAA,2013J,10098,546846,1,16
AAA,2013J,10098,546846,76,16
AAA,2013J,10098,546846,66,5
AAA,2013J,10098,546846,20,3
AAA,2013J,10098,546846,93,13
AAA,2013J,10098,546846,27,8
AAA,2013J,10098,546846,77,17
AAA,2013J,10098,546846,42,5
AAA,2013J,10098,546846,75,6
AAA,2013J,10099,546844,75,14
AAA,2013J,10099,546844,65,9
AAA,2013J,10099,546844,81,7
AAA,2013J,10099,546844,46,7
AAA,2013J,10099,546844,72,18
AAA,2013J,10099,546844,91,16
AAA,2013J,10099,546844,67,8
AAA,2013J,10099,546844,1,16
AAA,2013J,10099,546844,95,19
AAA,2013J,10099,546844,51,15
AAA,2013J,10099,546845,50,12
AAA,2013J,10099,546845,88,7
AAA,2013J,10099,546845,92,6
AAA,2013J,10099,546845,52,10
AAA,2013J,10099,546845,69,19
AAA,2013J,10099,546845,11,16
AAA,2013J,10099,546845,60,2
AAA,2013J,10099,546845,47,4
AAA,2013J,10099,546845,44,9
AAA,2013J,10099,546845,95,5
AAA,2013J,10099,546846,46,5
AAA,2013J,10099,546846,51,5
AAA,2013J,10099,546846,86,3
AAA,2013J,10099,546846,44,6
AAA,2013J,10099,546846,84,1
AAA,2013J,10099,546846,29,8
AAA,2013J,10099,546846,67,13
AAA,2013J,10099,546846,88,6
AAA,2013J,10099,546846,2,18
AAA,2013J,10099,546846,26,18
AAA,2013J,10100,546844,83,10
AAA,2013J,10100,546844,54,9
AAA,2013J,10100,546844,88,16
AAA,2013J,10100,546844,42,7
AAA,2013J,10100,546844,29,9
AAA,2013J,10100,546844,1,6
AAA,2013J,10100,546844,2,10
AAA,2013J,10100,546844,43,7
AAA,2013J,10100,546844,48,18
AAA,2013J,10100,546844,87,11
AAA,2013J,10100,546845,2,17
AAA,2013J,10100,546845,17,6
AAA,2013J,10100,546845,16,14
AAA,2013J,10100,546845,89,18
AAA,2013J,10100,546845,64,17
AAA,2013J,10100,546845,18,6
AAA,2013J,10100,546845,80,5
AAA,2013J,10100,546845,14,13
AAA,2013J,10100,546845,90,16
AAA,2013J,10100,546845,96,9
AAA,2013J,10100,546846,57,9
AAA,2013J,10100,546846,71,2
AAA,2013J,10100,546846,33,19
AAA,2013J,10100,546846,96,14
AAA,2013J,10100,546846,90,10
AAA,2013J,10100,546846,72,10
AAA,2013J,10100,546846,15,8
AAA,2013J,10100,546846,56,14
AAA,2013J,10100,546846,95,13
AAA,2013J,10100,546846,94,6
