code_module,code_presentation,id_student,date_registration,date_unregistration
AAA,2013J,10001,-23,
BBB,2013J,10002,-29,
AAA,2013J,10003,-11,
AAA,2013J,10004,-30,
AAA,2013J,10005,-26,
BBB,2013J,10006,-22,
AAA,2013J,10007,-14,
AAA,2013J,10008,-22,
AAA,2013J,10009,-20,
BBB,2013J,10010,-16,
AAA,2013J,10011,-7,
AAA,2013J,10012,-25,
AAA,2013J,10013,-8,
AAA,2013J,10014,-28,
BBB,2013J,10015,-1,
AAA,2013J,10016,-14,
BBB,2013J,10017,-26,
BBB,2013J,10018,-1,
BBB,2013J,10019,-3,
AAA,2013J,10020,-19,
BBB,2013J,10021,-13,
AAA,2013J,10022,-17,
BBB,2013J,10023,-10,
BBB,2013J,10024,-7,
BBB,2013J,10025,-20,
BBB,2013J,10026,-22,
BBB,2013J,10027,-29,
BBB,2013J,10028,-19,
BBB,2013J,10029,-28,
BBB,2013J,10030,-28,
AAA,2013J,10031,-30,
AAA,2013J,10032,-23,
BBB,2013J,10033,-9,
BBB,2013J,10034,-3,
BBB,2013J,10035,-2,
AAA,2013J,10036,-23,
BBB,2013J,10037,-20,
AAA,2013J,10038,-22,
AAA,2013J,10039,-26,
AAA,2013J,10040,-17,
AAA,2013J,10041,-3,
AAA,2013J,10042,-1,
BBB,2013J,10043,-28,
BBB,2013J,10044,-10,
BBB,2013J,10045,-26,
BBB,2013J,10046,-26,
BBB,2013J,10047,-12,
AAA,2013J,10048,-4,
BBB,2013J,10049,-17,
BBB,2013J,10050,-5,
AAA,2013J,10051,-1,
BBB,2013J,10052,-27,
AAA,2013J,10053,-6,
BBB,2013J,10054,-18,
AAA,2013J,10055,-21,
BBB,2013J,10056,-6,
BBB,2013J,10057,-13,
AAA,2013J,10058,-23,
AAA,2013J,10059,-23,
AAA,2013J,10060,-24,
AAA,2013J,10061,-23,
AAA,2013J,10062,-17,
AAA,2013J,10063,-12,
AAA,2013J,10064,-2,
AAA,2013J,10065,-25,
BBB,2013J,10066,-30,
BBB,2013J,10067,-8,
AAA,2013J,10068,-16,
BBB,2013J,10069,-30,
BBB,2013J,10070,-6,
BBB,2013J,10071,-14,
BBB,2013J,10072,-30,
AAA,2013J,10073,-16,
BBB,2013J,10074,-8,
AAA,2013J,10075,-29,
BBB,2013J,10076,-17,
BBB,2013J,10077,-10,
BBB,2013J,10078,-23,
AAA,2013J,10079,-23,
BBB,2013J,10080,-12,
AAA,2013J,10081,-24,
BBB,2013J,10082,-12,
AAA,2013J,10083,-25,
BBB,2013J,10084,-25,
AAA,2013J,10085,-28,
AAA,2013J,10086,-24,
BBB,2013J,10087,-12,
AAA,2013J,10088,-23,
BBB,2013J,10089,-21,
BBB,2013J,10090,-11,
BBB,2013J,10091,-16,
BBB,2013J,10092,-16,
BBB,2013J,10093,-2,
BBB,2013J,10094,-30,
BBB,2013J,10095,-11,
BBB,2013J,10096,-1,
BBB,2013J,10097,-24,
BBB,2013J,10098,-4,
BBB,2013J,10099,-27,
AAA,2013J,10100,-2,
