id_assessment,id_student,date_submitted,is_banked,score
1751,10001,52,0,80.42230235585158
1752,10001,41,0,83.1484244157449
1753,10001,47,0,69.07349355829089
1754,10001,24,0,60.83513829852325
1751,10002,19,0,62.78709899340568
1752,10002,52,0,80.43708026877903
1753,10002,27,0,63.95187597059943
1754,10002,43,0,53.31854426326539
1751,10003,22,0,61.58888086325787
1752,10003,26,0,59.71031339979491
1753,10003,59,0,81.0440888015849
1754,10003,50,0,88.33456788207427
1751,10004,50,0,78.77147822377526
1752,10004,34,0,91.51391631318452
1753,10004,25,0,66.32041219108075
1754,10004,20,0,72.89635047606072
1751,10005,22,0,42.80811076997314
1752,10005,57,0,58.92405386012145
1753,10005,26,0,63.96748734807237
1754,10005,54,0,61.40203568576874
1751,10006,57,0,69.64092191907339
1752,10006,18,0,78.88649935848038
1753,10006,19,0,71.25291555474408
1754,10006,56,0,74.6317499797021
1751,10007,42,0,58.551925315688266
1752,10007,43,0,65.24796269605305
1753,10007,28,0,53.15592769612129
1754,10007,35,0,66.11319619850528
1751,10008,40,0,100.0
1752,10008,35,0,75.8592900066169
1753,10008,23,0,56.05245562013619
1754,10008,40,0,77.9116284758321
1751,10009,55,0,64.84974952437359
1752,10009,40,0,53.786903190711314
1753,10009,25,0,67.0178396936381
1754,10009,41,0,80.11126041624202
1751,10010,48,0,70.42029838818354
1752,10010,58,0,79.63208858733371
1753,10010,38,0,50.08594359731371
1754,10010,38,0,72.1577236903812
1751,10011,47,0,84.20689803508024
1752,10011,36,0,40.3264213955586
1753,10011,40,0,63.96666964167754
1754,10011,42,0,51.40211136887494
1751,10012,54,0,100.0
1752,10012,27,0,68.88827651021732
1753,10012,44,0,56.2618444214828
1754,10012,33,0,78.11420703120163
1751,10013,46,0,100.0
1752,10013,43,0,59.396222624898584
1753,10013,44,0,72.54658499150868
1754,10013,15,0,85.49751244887659
1751,10014,28,0,71.5222113019335
1752,10014,42,0,95.27029411941673
1753,10014,44,0,50.33707452087596
1754,10014,15,0,71.05552697208275
1751,10015,22,0,46.88732457923268
1752,10015,48,0,56.33274968613687
1753,10015,47,0,82.03517589721191
1754,10015,15,0,87.07332642491238
1751,10016,17,0,78.82508096064853
1752,10016,22,0,51.06422343174156
1753,10016,51,0,75.50716279130948
1754,10016,22,0,52.20111919032506
1751,10017,48,0,86.74707979116823
1752,10017,30,0,74.3048688077678
1753,10017,18,0,42.60100737935316
1754,10017,32,0,54.49200672219285
1751,10018,21,0,88.44729653160059
1752,10018,35,0,79.54879337794495
1753,10018,33,0,88.5105538208299
1754,10018,15,0,82.37380739228857
1751,10019,19,0,49.37748153576317
1752,10019,16,0,55.755418864177315
1753,10019,17,0,44.65056239714144
1754,10019,19,0,77.0901492701846
1751,10020,51,0,86.7004210479438
1752,10020,48,0,35.451834694387124
1753,10020,58,0,62.674515085299134
1754,10020,44,0,71.86209851873987
1751,10021,37,0,62.964273906701436
1752,10021,31,0,88.19066311197076
1753,10021,28,0,81.0461066034262
1754,10021,39,0,83.85687400034463
1751,10022,53,0,77.26084714580487
1752,10022,18,0,49.99745005397586
1753,10022,40,0,48.67328930364013
1754,10022,37,0,69.51226133381078
1751,10023,51,0,70.93767882646523
1752,10023,52,0,53.32440833577452
1753,10023,48,0,98.08361068459931
1754,10023,26,0,78.76387369689574
1751,10024,37,0,54.51800137636304
1752,10024,41,0,54.355491537650416
1753,10024,54,0,78.67433975706234
1754,10024,21,0,48.00883293817573
1751,10025,24,0,65.62847764894703
1752,10025,42,0,80.0988987187053
1753,10025,16,0,75.76488530703685
1754,10025,50,0,57.11384280269802
1751,10026,40,0,80.36623082386191
1752,10026,53,0,66.13079327984796
1753,10026,54,0,53.759016667520854
1754,10026,38,0,100.0
1751,10027,36,0,55.1246332972818
1752,10027,50,0,78.50464819113488
1753,10027,34,0,72.2533710591637
1754,10027,31,0,63.79075975752778
1751,10028,59,0,73.61877664176467
1752,10028,16,0,52.26757498877486
1753,10028,23,0,70.69768128092089
1754,10028,39,0,62.9772159143583
1751,10029,57,0,53.82963968695355
1752,10029,49,0,100.0
1753,10029,17,0,63.383215749802815
1754,10029,31,0,58.116523670356955
1751,10030,24,0,71.26261858540342
1752,10030,26,0,97.18806927241526
1753,10030,30,0,73.70296776508945
1754,10030,35,0,77.15878617925735
1751,10031,31,0,87.29402920106901
1752,10031,20,0,83.93314776370568
1753,10031,22,0,66.94751432812029
1754,10031,29,0,43.085585997260125
1751,10032,40,0,70.17406122171771
1752,10032,46,0,62.26275473812862
1753,10032,24,0,49.235055035272296
1754,10032,21,0,100.0
1751,10033,28,0,73.3628936575583
1752,10033,22,0,59.190958733507316
1753,10033,37,0,77.85325049336514
1754,10033,53,0,79.87473721884186
1751,10034,49,0,82.07425708963997
1752,10034,31,0,60.25932907673939
1753,10034,28,0,46.922601164533106
1754,10034,59,0,75.51550015276017
1751,10035,48,0,69.1948678629138
1752,10035,40,0,83.1997405408303
1753,10035,37,0,65.19692533757961
1754,10035,18,0,61.40403412588738
1751,10036,43,0,86.4524197018572
1752,10036,47,0,80.54091576739285
1753,10036,30,0,83.15205498838166
1754,10036,16,0,65.05608201085566
1751,10037,49,0,69.23425983913137
1752,10037,46,0,83.98220562598027
1753,10037,46,0,86.34756425887186
1754,10037,43,0,57.74852314804816
1751,10038,58,0,81.79741265221494
1752,10038,24,0,72.70792945205201
1753,10038,44,0,42.77269512300157
1754,10038,19,0,41.621015000087795
1751,10039,15,0,61.69719774356214
1752,10039,28,0,63.773230867092394
1753,10039,44,0,74.81845223449483
1754,10039,51,0,79.16057405973741
1751,10040,39,0,74.90112515449471
1752,10040,29,0,64.25403075762297
1753,10040,23,0,64.32395572525496
1754,10040,18,0,54.752641323552844
1751,10041,26,0,76.44618310958856
1752,10041,53,0,45.01208987124018
1753,10041,38,0,100.0
1754,10041,39,0,58.041546296800014
1751,10042,21,0,70.49678312319584
1752,10042,59,0,75.38676896012224
1753,10042,24,0,66.07682710857334
1754,10042,55,0,60.48290049082145
1751,10043,17,0,75.02845240057283
1752,10043,37,0,75.62284666238195
1753,10043,23,0,62.399010974351455
1754,10043,32,0,50.396446894818126
1751,10044,31,0,73.15427884302827
1752,10044,52,0,62.351710234666015
1753,10044,27,0,71.04384531276949
1754,10044,23,0,45.26383827504152
1751,10045,18,0,55.398348821249925
1752,10045,55,0,70.47046741155711
1753,10045,17,0,65.28513891590414
1754,10045,17,0,41.57204386940393
1751,10046,39,0,75.60101993730257
1752,10046,25,0,64.98930577494075
1753,10046,48,0,41.771795225637106
1754,10046,22,0,49.13989549356733
1751,10047,19,0,68.68388246705075
1752,10047,51,0,58.53511805189079
1753,10047,27,0,81.61242152625884
1754,10047,17,0,68.53841824651549
1751,10048,54,0,78.22837234439467
1752,10048,59,0,95.7006098860405
1753,10048,47,0,71.6003410652757
1754,10048,54,0,72.58331480565887
1751,10049,42,0,80.30723271796046
1752,10049,39,0,75.60911046660947
1753,10049,56,0,72.76707753802826
1754,10049,21,0,58.55725177926374
1751,10050,19,0,62.44514947104055
1752,10050,44,0,55.496615190811
1753,10050,53,0,73.53009963309351
1754,10050,28,0,62.09991781508959
1751,10051,27,0,64.61429528646
1752,10051,46,0,68.05122126767615
1753,10051,27,0,70.86648602029855
1754,10051,31,0,68.69654822234223
1751,10052,54,0,79.29956403616474
1752,10052,38,0,47.746273820857624
1753,10052,59,0,63.38332647570499
1754,10052,44,0,71.28725491495908
1751,10053,21,0,76.07033532195265
1752,10053,42,0,68.71931075424658
1753,10053,29,0,70.63318744835762
1754,10053,18,0,74.1276852256614
1751,10054,41,0,75.3562935755415
1752,10054,31,0,58.94329641406897
1753,10054,24,0,57.56867555165036
1754,10054,32,0,67.37644853686213
1751,10055,28,0,59.61617229092617
1752,10055,26,0,73.65817812596781
1753,10055,21,0,85.0490715755684
1754,10055,25,0,61.145490146338624
1751,10056,37,0,42.4850967209187
1752,10056,43,0,61.90260684955607
1753,10056,18,0,46.279791493756335
1754,10056,53,0,35.017910650698774
1751,10057,29,0,77.72954502081441
1752,10057,46,0,82.80963348884937
1753,10057,16,0,57.148447788397625
1754,10057,25,0,78.96718293886411
1751,10058,41,0,40.29841348292898
1752,10058,52,0,59.49995881234842
1753,10058,29,0,56.29547519214643
1754,10058,39,0,77.60284735560685
1751,10059,38,0,82.25754132923937
1752,10059,30,0,62.85536257546056
1753,10059,41,0,73.14088019566556
1754,10059,29,0,74.85129828730676
1751,10060,41,0,74.89893538733216
1752,10060,17,0,77.11271490724256
1753,10060,43,0,70.94781754552206
1754,10060,29,0,78.63505636382769
1751,10061,39,0,46.608117009960544
1752,10061,23,0,77.09247635917184
1753,10061,52,0,59.391657764973004
1754,10061,36,0,61.03413385079392
1751,10062,16,0,58.480924470599646
1752,10062,27,0,82.93628355022034
1753,10062,31,0,61.21540521126385
1754,10062,45,0,31.64181010056565
1751,10063,52,0,83.3528228369849
1752,10063,47,0,51.59556580904908
1753,10063,52,0,71.869954881801
1754,10063,38,0,75.03675064671594
1751,10064,55,0,67.94596191364147
1752,10064,36,0,50.624529662111854
1753,10064,42,0,75.87333167995925
1754,10064,46,0,94.7243763563805
1751,10065,47,0,54.85521998038728
1752,10065,27,0,68.56490349751907
1753,10065,44,0,52.975699851576266
1754,10065,53,0,63.78349560671067
1751,10066,40,0,82.83324105963527
1752,10066,48,0,77.34964709981905
1753,10066,56,0,88.99033154879004
1754,10066,20,0,81.86950524369153
1751,10067,23,0,95.17970186202308
1752,10067,22,0,73.36888593037654
1753,10067,22,0,81.42789830041599
1754,10067,21,0,77.52757702522955
1751,10068,25,0,69.71800049323195
1752,10068,36,0,82.25218206498248
1753,10068,40,0,59.30448632789559
1754,10068,56,0,67.63842682771248
1751,10069,28,0,58.22872994578327
1752,10069,59,0,60.741712489185176
1753,10069,33,0,75.8425323205325
1754,10069,46,0,59.394499940921314
1751,10070,58,0,93.91314755151066
1752,10070,36,0,74.54485504511048
1753,10070,51,0,51.082591692480406
1754,10070,49,0,76.46416082040105
1751,10071,43,0,47.82971862134099
1752,10071,21,0,62.447440541699144
1753,10071,26,0,84.96879185596606
1754,10071,51,0,63.878787572383736
1751,10072,18,0,81.10674561440173
1752,10072,38,0,79.52185752702076
1753,10072,46,0,61.858171325326936
1754,10072,48,0,69.14924158187691
1751,10073,50,0,43.505715791870244
1752,10073,26,0,59.40847363177211
1753,10073,17,0,90.14810524588844
1754,10073,29,0,88.70137031221176
1751,10074,47,0,74.0243825823721
1752,10074,44,0,57.715845783772885
1753,10074,37,0,47.21622370275967
1754,10074,16,0,89.66467375568517
1751,10075,51,0,67.61668893512832
1752,10075,28,0,85.59093528889048
1753,10075,53,0,85.23148550558156
1754,10075,20,0,41.904293318328506
1751,10076,31,0,73.6142008336596
1752,10076,16,0,66.69732834304712
1753,10076,49,0,48.57977786418641
1754,10076,54,0,85.41240181067779
1751,10077,26,0,44.66152024265156
1752,10077,17,0,63.914060442502866
1753,10077,28,0,59.13045177361954
1754,10077,26,0,38.717221678948334
1751,10078,44,0,65.5479899494669
1752,10078,22,0,50.822338639469294
1753,10078,57,0,48.552473487787566
1754,10078,57,0,45.31106748741776
1751,10079,51,0,75.55723543384332
1752,10079,58,0,35.691811329326406
1753,10079,42,0,70.60862062484757
1754,10079,34,0,84.34155064040651
1751,10080,28,0,68.72577677428706
1752,10080,34,0,57.68684822990613
1753,10080,40,0,78.98960115823368
1754,10080,19,0,66.78925129837127
1751,10081,47,0,59.16854695689806
1752,10081,56,0,68.13937628796369
1753,10081,34,0,81.74491512053723
1754,10081,45,0,73.19732713846989
1751,10082,57,0,99.32562057171091
1752,10082,34,0,65.9061555776724
1753,10082,37,0,53.922981346912266
1754,10082,22,0,77.66402239263952
1751,10083,35,0,72.14853728892392
1752,10083,46,0,58.23929693982366
1753,10083,52,0,65.1397639885498
1754,10083,48,0,71.26149309769585
1751,10084,15,0,67.5366854664263
1752,10084,31,0,98.05110900773157
1753,10084,40,0,71.01648570072452
1754,10084,26,0,83.75981594011418
1751,10085,41,0,70.96348985258572
1752,10085,47,0,74.73842652379618
1753,10085,15,0,77.58095333043777
1754,10085,19,0,50.854926309042746
1751,10086,55,0,72.5395319785855
1752,10086,20,0,56.68586224970963
1753,10086,23,0,62.9823874046488
1754,10086,45,0,71.0928647304399
1751,10087,55,0,72.53598266357336
1752,10087,52,0,56.2197028623192
1753,10087,18,0,83.70380191475019
1754,10087,32,0,76.54925458012073
1751,10088,27,0,63.53654744960012
1752,10088,25,0,88.6356021996743
1753,10088,15,0,69.80749938183952
1754,10088,39,0,52.56988500306374
1751,10089,35,0,51.55587369657197
1752,10089,21,0,46.39923676108559
1753,10089,29,0,54.72254751500228
1754,10089,39,0,91.28842723234463
1751,10090,47,0,58.41557378465747
1752,10090,58,0,48.153653098887524
1753,10090,52,0,70.54540688528029
1754,10090,28,0,57.49826190192488
1751,10091,24,0,68.04173556382368
1752,10091,35,0,92.3064446765611
1753,10091,40,0,43.539899488771034
1754,10091,50,0,70.56456457352328
1751,10092,29,0,83.33661428590716
1752,10092,58,0,35.21434276286986
1753,10092,57,0,64.20971467998554
1754,10092,25,0,73.88126794551304
1751,10093,29,0,66.54671255577388
1752,10093,33,0,46.85733023790208
1753,10093,48,0,73.856035158744
1754,10093,41,0,51.34942842362822
1751,10094,43,0,70.69841226730217
1752,10094,30,0,88.880034295169
1753,10094,56,0,90.71776343884372
1754,10094,27,0,79.5962478376629
1751,10095,18,0,69.37151191338495
1752,10095,21,0,87.71603637154209
1753,10095,45,0,72.93973677727664
1754,10095,45,0,73.92238616611552
1751,10096,21,0,82.23409984756391
1752,10096,56,0,58.068312247633855
1753,10096,50,0,55.660678767663484
1754,10096,15,0,65.74487116128644
1751,10097,58,0,69.87836753971861
1752,10097,27,0,61.558916883121206
1753,10097,36,0,68.73290105488556
1754,10097,23,0,68.60887536805824
1751,10098,40,0,75.49455651688936
1752,10098,56,0,48.55436121104237
1753,10098,22,0,72.75113088206656
1754,10098,41,0,90.6449368759406
1751,10099,51,0,84.04775748051559
1752,10099,50,0,54.305778904639865
1753,10099,53,0,57.897640636341976
1754,10099,50,0,72.18491243335703
1751,10100,24,0,100.0
1752,10100,49,0,49.43268583869326
1753,10100,58,0,62.688385378280195
1754,10100,31,0,74.80306750617764
